name,meaning
Antakshari'20,"ржЖржирзНрждрж╛ржХрзНтАМрж╖рж░рзА(рж╣рж┐ржирзНржжрж┐рждрзЗ ржЖржирзНрждрж╛ржХрзНтАМрж╖рж░рзА,ржмрж╛ржВрж▓рж╛рзЯ ржЕржирзНрждрж╛ржХрзНрж╖рж░рзА) ржПржХ ржзрж░ржирзЗрж░ ржЦрзЗрж▓рж╛ ржмрж╛ ржкрзНрж░рждрж┐ржпрзЛржЧрж┐рждрж╛ ржпрж╛рждрзЗ ржПржХржЬржи ржХржмрж┐рждрж╛ ржкржбрж╝рзЗ ржмрж╛ ржЧрж╛ржи ржЧрж╛рзЯ ржПржмржВ ржЕржирзНржп ржПржХржЬржи рж╕рзЗржЗ ржХржмрж┐рждрж╛ ржмрж╛ ржЧрж╛ржирзЗрж░ рж╢рзЗрж╖ ржЕржХрзНрж╖рж░ ржжрж┐рзЯрзЗ ржЖрж░ржорзНржн рж╣рзЯ ржПржоржи ржХрзЛржиржУ ржХржмрж┐рждрж╛ ржкржбрж╝рзЗ ржмрж╛ ржЧрж╛ржи ржЧрж╛рзЯред  ржмрзНржпрж╛ржЪ-20 ржПрж░ ржкржержЪрж▓рж╛ржУ ржПржЗ ржЦрзЗрж▓рж╛ржЯрж╛рж░ ржорждрзЛржЗредрзй-рзк ржмржЫрж░рзЗрж░ ржкрзНрж░рждрж┐ржЯрж╛ рж╕рзНржЯрзЗржЬрзЗ ржЖржорж╛ржжрзЗрж░ ржХрж╛рж░рзНржпржХрзНрж░ржоржХрзЗ ржПржХржЯрж╛ ржЧрж╛ржирзЗрж░ ржорждрзЛ ржХрж░рзЗ ржЪрж┐ржирзНрждрж╛ ржХрж░рж╛ ржпрж╛рзЯредрзирзи рж╕рж╛рж▓рзЗрж░ ржЖржЧржоржирзА ржЧрж╛ржи, ржбрзЗржкрзНржЯ ржнрж┐рждрзНрждрж┐ржХ ржкрзНрж░рзЛржЧрзНрж░рж╛ржоржЧрзБрж▓рж╛рж░ рж╕рзНржмрж╛ржзрзАржирждрж╛рж░ ржЧрж╛ржи, ржЖржирзНржжрзЛрж▓ржирзЗ ржкрзНрж░рждрж┐ржмрж╛ржжрзЗрж░ ржЧрж╛ржи, ржЖрж░ рж╕рж╛ржоржирзЗрж░ ржмрж┐ржжрж╛рзЯрзЗ ржмрж┐ржжрж╛рзЯрзА ржЧрж╛ржи тАФржПрждрж╕ржм ржЧрж╛ржи ржирж┐рзЯрзЗржЗ рждрзЛ ржЖржорж╛ржжрзЗрж░ ржмрзНржпрж╛ржЪ-ржмрж┐рж╢редржЖрж░ ржПрждрж╕ржм ржЧрж╛ржирзЗрж░ рж╕ржорзНржорж┐рж▓ржирзЗржЗ ржЖржорж╛ржжрзЗрж░ ржЖржирзНрждрж╛ржХрзНтАМрж╖рж░рзАтАФржЖржирзНрждрж╛ржХрзНтАМрж╖рж░рзА'рзирзж..."
Bishorgo 20,No
Bivishon (ржмрж┐ржнрж┐рж╖ржг) -20,"Separation or Distinction: It suggests a sense of being distinguished or set apart, symbolizing individuality or uniqueness."
Inquilab 20,"Our batch is all about revolution, Recent independence. It will mark our batch as we witnessed this in front of us. 20 batch had been involved in many Revolutionary (Inqilab) decisions in and outside BUET"
Phoenix рзирзж/ржлрж┐ржирж┐ржХрзНрж╕ рзирзж,Immortal Bird. We will be remembered forever. 
Resistance 20,bakider moto mula guni na amra
Twilight 20,....
ржЕржХрж┐рж▓рзНржорж┐рж╖ рзирзж,"ржжрзЛрж╖рж╣рзАржи, ржкрж╛ржкрж╢рзВржирзНржп"
ржЕржЧрзНржирж┐ржкрзНрж░ржн,"ржПржЯрж╛ ржмрж┐ржЬрзЯ ржмрж╛ рж╕ржлрж▓ рж╣рж┐рж╕рзЗржмрзЗ ржирж┐рж░рзНржжрж┐рж╖рзНржЯ ржХрж░рзЗ ржПржоржи ржЕрж░рзНржержмрж╣ржи ржХрж░рзЗред  ржЖржорж░рж╛ рзирзж ржмрзНржпрж╛ржЪ ржмрзБрзЯрзЗржЯрзЗрж░ рж░рж╛ржЬржирзИрждрж┐ржХ ржЬрж┐ржирж┐рж╕ ржЯрж╛ ржпрзЗржнрж╛ржмрзЗ ржЖржирзНржжрзЛрж▓ржи ржХрж░рзЗржЫрж┐, ржмрж┐ржЬрзЯ ржПрж░ рж╕рзБржирж┐рж░рзНржжрж┐рж╖рзНржЯ ржЖрж╢рж╛рзЯред рж╕рзЗржЦрж╛ржи ржерзЗржХрзЗ ржЕржирзБржкрзНрж░рж╛ржгрж┐ржд "
ржЕржЧрзНржирж┐ржмрзАржгрж╛ рзирзж,"ржЕржЧрзНржирж┐ ржорж╛ржирзЗ ржЖржЧрзБржи ржмрж╛ ржЬрзНржмрж▓ржирзНржд рж╢ржХрзНрждрж┐ред ржмрзАржгрж╛ рж╣рж▓рзЛ ржПржХржЯрж┐ рж╕ржЩрзНржЧрзАрждржпржирзНрждрзНрж░ред ржПржЗ ржжрзБржЯрж┐ рж╢ржмрзНржжрзЗрж░ ржорж┐рж▓ржирзЗ ржЕржЧрзНржирж┐ржмрзАржгрж╛ ржЕрж░рзНрже ржжрж╛ржБрзЬрж╛рзЯ ржПржХ ржзрж░ржирзЗрж░ рж╕рзГржЬржирж╢рзАрж▓ рж╢ржХрзНрждрж┐, ржпрж╛ ржЖржЧрзБржирзЗрж░ ржорждрзЛ ржкрзНрж░ржЬрзНржЬрзНржмрж▓рж┐ржд ржУ ржЕржкрзНрж░рждрж┐рж░рзЛржзрзНржпред ржПржЯрж┐ ржкрзНрж░ржЪрж▓рж┐рждржнрж╛ржмрзЗ рж╕рж╛рж╣рж╕, рж╢ржХрзНрждрж┐, ржУ рж╕рзГрж╖рзНржЯрж┐рж╢рзАрж▓рждрж╛рж░ ржкрзНрж░рждрзАржХ рж╣рж┐рж╕рзЗржмрзЗ ржмрзНржпржмрж╣рзГржд рж╣ржпрж╝ред ржХрж╛ржЬрзА ржиржЬрж░рзБрж▓ ржЗрж╕рж▓рж╛ржорзЗрж░ ржмрж┐ржЦрзНржпрж╛ржд ржХрж╛ржмрзНржпржЧрзНрж░ржирзНрже ""ржЕржЧрзНржирж┐ржмрзАржгрж╛"" ржирж╛ржорзЗржУ ржПржЗ рж╢ржмрзНржжржЯрж┐ ржмрзНржпржмрж╣рзГржд рж╣ржпрж╝рзЗржЫрзЗ, ржпрзЗржЦрж╛ржирзЗ ржмрж┐ржкрзНрж▓ржмрзА ржЪрзЗрждржирж╛ ржУ рж╕ржВржЧрзНрж░рж╛ржорзА ржнрж╛ржмржзрж╛рж░рж╛ ржкрзНрж░ржХрж╛рж╢ ржкрзЗржпрж╝рзЗржЫрзЗред"
ржЕржЧрзНржирж┐ржмрзАрж░ рзирзж,ржмрзАрж░рждрзНржм
ржЕржЧрзНржирж┐рж╢рж┐ржЦрж╛ рзирзж,ржмрзАрж░рждрзНржм
ржЕржЧрзНрж░ржжрзВржд 'рзирзж,No theme
ржЕржШржорж░рзНрж╖ржг рзирзж,"ржкрж╛ржкржорзБржХрзНрждрж┐, ржирзНржпрж╛рзЯрзЗрж░ рж╢рзБрж░рзБ "
ржЕржЬрзЗрзЯ рзирзж,ржЖржорж░рж╛ рж╕ржмржХрж┐ржЫрзБрж░ ржмрж┐рж░рзБржжрзНржзрзЗ ржЬрзЯ ржХрж░рзЗржЫрж┐
ржЕржжржоржирзАржпрж╝,as batch 20 was uncompromising throughout the time
ржЕржжржорзНржп '20,Unconquerable
ржЕржжржорзНржп рзирзж," convey resilience and strength, with a focus on being unstoppable and unyielding"
ржЕржжржорзНржп рзирзж,ржмрзЗрж╢ ржмрж╛ржзрж╛! ржлрзЗрж╕
ржЕржжрзНржмрж┐ржд'рзирзж,"ржЕржжрзНржмрж┐ржд ржЕржжрзНржмрж┐рждрзАржпрж╝ рж╢ржмрзНржжрзЗрж░ ржирж╛ржо рж░рзВржк, ржмрзНржпрж╛ржЪ рж╣рж┐рж╕рзЗржмрзЗ ржЖржорж╛ржжрзЗрж░ ржЕржиржирзНржпрждрж╛ ржкрзНрж░ржХрж╛рж╢ ржХрж░рзЗред"
ржЕржжрзНржмрж┐рждрзАржпрж╝ рзирзж,Because we are the first batch which needs two steps verification for entering BUET
ржЕржжрзНржмрзИржд,ржЕржжрзНржмрзИржд ржЕрж░рзНрже -ржжрзБржЗ ржиржпрж╝ ржПржоржи ржПржХ ржУ ржЕржнрж┐ржирзНржиредржЖржорж░рж╛ ржмрзНржпрж╛ржЪ рзирзж рждрж╛ржЗ рзи ржПрж░ ржкрж░ рзж ржмрзЛржЭрж╛рзЯ ржжрзБржЗ ржирзЯ ржПржоржи ржЕржнрж┐ржирзНржиред
ржЕржирж▓ржкрзНрж░ржнрж╛,ржЖржЧрзБржирзЗрж░ ржжрзНржпрзБрждрж┐
ржЕржирж▓рзАржХ'рзирзж,ржпрж╛ ржЕрж▓рзАржХ ржмрж╛ ржорж┐ржерзНржпрж╛ ржирзЯред рж╕рждрзНржп ржУ рж╕рзБржирзНржжрж░ред 
ржЕржирж┐рж░рзНржмрж╛ржг,"ржЕржирж┐рж░рзНржмрж╛ржг рж╢ржмрзНржжрзЗрж░ ржмрж╛ржВрж▓рж╛ ржЕрж░рзНрже ржирж┐рж░рзНржмрж╛ржг ржмрж╛ ржорзБржХрзНрждрж┐рж▓рж╛ржн рж╣рзЯржирж┐ ржПржоржи, ржирзЗржнрзЗ ржирж╛ ржмрж╛ ржирж┐рж░рзНржмрж╛ржкрж┐ржд рж╣рзЯ ржирж╛ ржПржоржиржЬрзНржмрж▓ржирзНржд, ржЕрж╢рж╛ржирзНрждред ржирж┐рж░рзНржмрж╛ржг ржмрж╛ ржорзБржХрзНрждрж┐рж░рж╣рж┐рждред ржЕржирж┐рж░рзНржмрж╛ржкрж┐ржд, ржЬрж▓ржирзНрждред ржЕржирж┐ржмрзГрждрзНржд, ржЕрж╢рж╛ржирзНрждред ржЕржирж┐рж░рзНржмрзЗрзЯ ржирж┐рж░рзНржмрж╛ржкрж┐ржд ржХрж░рж╛ ржпрж╛рзЯ ржирж╛ ржПржоржиред  Gives positive and inspiring sense, ржирж╛ржирж╛ ржмрж╛ржзрж╛ржмрж┐ржкрждрзНрждрж┐ ржкрж╛рж░ рж╣ржпрж╝рзЗржУ ржЖржорж░рж╛ ржХржарзЛрж░ рж╕рж┐ржжрзНржзрж╛ржирзНрждрзЗ ржЕржЯрж▓ , ржЖржкрзЛрж╕рж╣рзАржи ржПржмржВ ржкрзНрж░рж╛ржгрж╢ржХрзНрждрж┐рждрзЗ ржкрж░рж┐ржкрзВрж░рзНржг
ржЕржирж┐рж░рзНржмрж╛ржг рж╢ржмрзНржжржЯрж┐рж░ ржЕрж░рзНрже рж╣рж▓рзЛ ""ржирж┐рж░ржмржЪрзНржЫрж┐ржирзНржи"" ржмрж╛ ""ржЕржкрзНрж░ржжрзАржкрж┐ржд,"" ржпрж╛ ржХржЦржиржУ ржирж┐ржнрзЗ ржирж╛,ржЕржмрж┐рж░рж╛ржо ржЬрзНржмрж▓рждрзЗ ржерж╛ржХрж╛редржПржЯрж┐ ржПржХржЯрж┐ рж╢ржХрзНрждрж┐рж╢рж╛рж▓рзА ржПржмржВ ржЕрж░рзНржержмрж╣ рж╢ржмрзНржж,ржпрж╛ ржмрж┐ржнрж┐ржирзНржи ржкрзНрж░рзЗржХрзНрж╖рж╛ржкржЯрзЗ ржмрзНржпрж╛ржЪрзЗрж░ ржирж╛ржо рж╣рж┐рж╕рзЗржмрзЗ ржПржХржЯрж┐ рж╕рзБржирзНржжрж░ ржУ ржкрзНрж░рждрзАржХрзА ржорж╛ржирзЗ ржзрж╛рж░ржг ржХрж░рждрзЗ ржкрж╛рж░рзЗредржПржЗ ржирж╛ржорзЗрж░ ржорж╛ржзрзНржпржорзЗ ржЕржмрж┐рж░рж╛ржо ржЙржжрзНржпржо,ржорж╛ржирж╕рж┐ржХ ржжрзГржврж╝рждрж╛ ржПржмржВ рж╕ржВржЧрзНрж░рж╛ржорзА ржЪрзЗрждржирж╛ ржзрж╛рж░ржг ржХрж░ржмрзЗред ржЕржирж┐рж░рзНржмрж╛ржг ржЕрж░рзНрже ржирж┐ржнрзЗ ржпрж╛рзЯ ржирж╛ / ржирж┐рж░рзНржмрж╛ржкржг рж╣рзЯ ржирж╛ ржПржоржи ржЬрзНржмрж▓ржирзНржд , ржЕрж╢рж╛ржирзНржд"
ржЕржирзБржирж╛ржж,Always vocal and united against all the odds.
ржЕржирзБрж╕рзНржмрж░ ,ржПржоржирзЗржЗ ржнрж╛рж▓рзНрж▓рж╛ржЧржЫрзЗ :рзй
ржЕржирзНржмрзЗрж╖ржг 'рзирзж,"ржЕржирзНржмрзЗрж╖ржг 'рзирзж ржЖржорж╛ржжрзЗрж░ рж╕рж╛рж╣рж╕, ржжрзГржврж╝рждрж╛ ржПржмржВ ржЕржирзБрж╕ржирзНржзрж╛ржирзА ржоржирзЛржнрж╛ржмрзЗрж░ ржкрзНрж░рждрж┐ржлрж▓ржиред 'ржЕржирзНржмрзЗрж╖ржг' рж╢ржмрзНржжржЯрж╛ ржЖржорж╛ржжрзЗрж░ ржЬржирзНржп ржЕржирзЗржХ ржЧржнрзАрж░ ржЕрж░рзНрже ржмрж╣ржи ржХрж░рзЗтАФржПржЯрж╛ рж╢рзБржзрзБ ржирждрзБржи ржХрж┐ржЫрзБ ржЦрзЛржБржЬрж╛рж░ ржиржпрж╝, ржмрж░ржВ ржЕржЬрж╛ржирж╛ржХрзЗ ржЬрж╛ржирж╛рж░, ржирждрзБржи ржЕржнрж┐ржЬрзНржЮрждрж╛ ржЕрж░рзНржЬржи ржХрж░рж╛рж░ ржПржмржВ рж╕рзАржорж╛рж╣рзАржи рж╕ржорзНржнрж╛ржмржирж╛рж░ ржкржерзЗ ржПржЧрж┐ржпрж╝рзЗ ржпрж╛ржУржпрж╝рж╛рж░ ржкрзНрж░рждрзАржХред"
ржЕржирзНржмрзЗрж╖рж╛,Always in the search of truth and justice
ржЕржкрж░рж╛ржЬрзЗрзЯ-рзирзж,ржмрзБрзЯрзЗржЯрзЗ ржпржд ржЖржирзНржжрзЛрж▓ржи рж╣рзЯрзЗржЫрзЗ рж╕ржмржЧрзБрж▓рзЛрждрзЗ рзирзж ржЫрж┐рж▓рзЛ ржЕржЧрзНрж░ржирзАред рждрж╛рж░рж╛ ржХрзЛржирзЛ ржмрзЯржХржЯ ржХрзЛржирзЛ рж╣рж╛рж░рзНржбрж▓рж╛ржЗржи ржерзЗржХрзЗ рж╕рж░рзЗ ржЖрж╕рзЗржирж┐ред рждрж╛ржЗ рждрж╛рж░рж╛ рж╕рж░рзНржмрждрж╛ ржЕржкрж░рж╛ржЬрзЗрзЯред
ржЕржкрзНрж░рждрж┐рж░рзЛржзрзНржп-рзирзж,"ржмрзБрзЯрзЗржЯ-рзирзж ржЕржирзЗржХ ржмрж╛ржзрж╛,ржмрж┐ржкрждрзНрждрж┐ ржкрзЗрж░рж┐рзЯрзЗ ржПрждржжрзВрж░ ржПрж╕рзЗржЫрзЗредрждрж╛ржжрзЗрж░ ржПржбржорж┐рж╢ржи ржЬрж╛рж░рзНржирж┐ ржЕржирзНржп рж╕ржмрж╛рж░ ржерзЗржХрзЗ ржЖрж▓рж╛ржжрж╛редрждрж╛рж░рж╛ рж╣рж╛рж▓ ржЫрзЗрзЬрзЗ ржжрзЗрзЯржирж┐,ржмрж╛ ржХрзЗржЙ ржжржорж┐рзЯрзЗ рж░рж╛ржЦрждрзЗ ржкрж╛рж░рзЗ ржирж┐редрждрж╛ржЗ рждрж╛рж░рж╛ ржЕржкрзНрж░рждрж┐рж░рзЛржзрзНржпред"
ржЕржмрж┐ржЪрж▓ or  ржЕржжржорзНржп,same reason.
ржЕржмрзНржпрзЯ 'рзирзж,"ржмрж┐ржжрзНрж░рзЛрж╣рзА ржХржмрж┐рждрж╛рж░ ржПржХржЯрж┐ ржЕржВрж╢, ""ржЖржорж┐ ржорзГржгрзНржорзЯ, ржЖржорж┐ ржЪрж┐ржирзНржорзЯ,  ржЖржорж┐ ржЕржЬрж░ ржЕржорж░ ржЕржХрзНрж╖рзЯ, ржЖржорж┐ ржЕржмрзНржпрзЯ!"" ржЕржмрзНржпрзЯ ржЕрж░рзНрже, ржЕржХрзНрж╖рзЯ, ржЕржмрж┐ржирж╛рж╢рзА, ржЕржкрж░рж┐ржмрж░рзНрждрзАред"
ржЕржнрж┐ржпрж╛рждрзНрж░рзА ,"ржжрзЗрж╢ ржЖржмрж┐рж╕рзНржХрж╛рж░рзЗрж░ ржЙржжрзНржжрзЗрж╢рзНржпрзЗ ржХрж┐ржВржмрж╛ ржжрзЗрж╢ ржнрзНрж░ржоржгрзЗрж░ ржЙржжрзНржжрзЗрж╢рзНржпрзЗ ржнрзНрж░ржоржгржХрж╛рж░рзАред ржЬрзАржмржи ржЯрж╛ржУ ржпрзЗржирзЛ ржПржоржи ржЗ ржПржХ ржЪржоржХржкрзНрж░ржж ржнрзНрж░ржоржг, ржирж┐рждрзНржп ржирж┐рждрзБржи ржкрж░рж┐рж╕рзНржерж┐рждрж┐ ржЖржмрж┐рж╖рзНржХрж╛рж░рзЗрж░ ржЙржжрзНржжрзНржпрзЗрж╢рзНржпрзЗ ржЖржорж╛ржжрзЗрж░ ржЫрзБржЯрзЗ ржЪрж▓рж╛ ржпрж╛рждрзНрж░рзАрж░ ржорждрзЛ"
ржЕржнрж┐рж╕рж╛рж░ рзирзж,ржЬрзНржЮрж╛ржи рж╕ржирзНржзрж╛ржирзЗ ржЕржнрж┐ржпрж╛ржи рж░ржд
ржЕржнрзНржпрзБржжржпрж╝ (Abhyudoy) -20,Rise or Progression 
ржЕржнрзНрж░ржнрзЗржжрзА ,"ржЙржБржЪрзБ ржмрж╛ ржЖржХрж╛рж╢ ржЫрзЛржБрзЯрж╛ ржЕрж░рзНржерзЗ, ржЙрж░рзНржжрзНржзрзЗ ржЖрж░рзЛрж╣ржг ржПрж░ ржЕржирзБржкрзНрж░рзЗрж░ржгрж╛ ржЬрзЛржЧрж╛рзЯред рж╢рж┐рж░ ржЙржБржЪрзБ рж░рзЗржЦрзЗ ржПржЧрж┐рзЯрзЗ ржпрж╛ржмрж╛рж░ ржкрзНрж░рзЗрж░ржгрж╛рзЯред"
ржЕрж░рж┐ржЮрзНржЬрзЯ рзирзж,ржПрж░ ржЕрж░рзНрже ржмрж┐ржЬрзЯрзА! ржмрж┐ржЬрзЯ рзи.рзж рж╣рж▓ inspiration.
ржЕрж░рж┐ржирзНржжржо-рзирзж,unconquerable 
ржЕрж░рзВржгрзЛржжржпрж╝,
ржЕрж░рзЛржзрзНржп ,Derived from рж░рзЛржз(resistance). Means something irresistible 
ржЕрж╕ржорзНржмрж╛ржз рзирзж,"ржмрж╛ржзрж╛рж╣рзАржи, ржкрзНрж░рж╢рж╕рзНржд"
ржЖржмрж░рзНржд-рзирзж,Dynamic energy and powerful impact
ржЖржмрж╛рж╣ржи 'рзирзж,ржПржкрзНрж░рж┐рж▓рзЗ рж╕рж░рзНржмржкрзНрж░ржержо ржЫрж╛рждрзНрж░рж░рж╛ржЬржирзАрждрж┐ рж░рзЛржзрзЗ рж░рзБржЦрзЗ ржжрж╛рзЬрж╛ржмрж╛рж░ ржбрж╛ржХ ржжрж┐рзЯрзЗржЫрж┐рж▓ рзирзжржмрзНржпрж╛ржЪред ржмрзБрзЯрзЗржЯрзЗ рззрзо ржмрж╛ рззрзп ржмрзНржпрж╛ржЪрзЗрж░ рждрзБрж▓ржирж╛рзЯ рзирзж ржПрж░ ржнрзВржорж┐ржХрж╛ ржПржмржВ ржПржХрждрж╛ рж╕ржмржЪрзЗрзЯрзЗ ржмрзЗрж╢рж┐ ржЫрж┐рж▓ред рждрж╛ржЗ рж╕рзЗржЗ рж╕рзНржорж░ржгрзЗ рзирзж ржХрзЗ ржЖржмрж╛рж╣ржи рзирзж ржирж╛ржо ржХрж░ржг ржХрж░рж╛ рж╣рзЛржХ
ржЖржмрж┐рж░рзНржнрж╛ржм рзирзж,ржкрзБрж░ржирзЛ ржЬржЮрзНржЬрж╛рж▓ ржЭрзЗрзЬрзЗ ржирждрзБржи ржмрж╛ржВрж▓рж╛ржжрзЗрж╢рзЗрж░ ржЖржмрж┐рж░рзНржнрж╛ржмрзЗрж░ ржкрзНрж░рждрзНржпрж╛рж╢рж╛
ржЖрж░рзЛрж╣рзА-рзирзж,
ржЖрж▓рзЛржХржмрж░рзНрждрж┐ржХрж╛,
ржЖрж▓рзЛржХржмрж░рзНрждрж┐ржХрж╛ рзирзж,
ржЗржиржХрж┐рж▓рж╛ржм 'рзирзж,ржмрж┐ржкрзНрж▓ржмрзА 'рзирзж( ржмрж┐рж╢)
ржЗржиржХрж┐рж▓рж╛ржм рзирзж,"ржЗржиржХрж┐рж▓рж╛ржм ржирж╛ржорзЗрж░ ржЕрж░рзНрже ржмрж┐ржкрзНрж▓ржмред ржмрж┐рж╢ ржмрзНржпрж╛ржЪ рж╕ржжрж╛ ржЕржирзНржпрж╛рзЯрзЗрж░ ржмрж┐рж░рзБржжрзНржзрзЗ ржмрж┐ржкрзНрж▓ржмрзАред ржмрж┐рж╢ ржмрзНржпрж╛ржЪ ржЬрж╛ржирзЗржирж╛ ржЕржирзНржпрж╛рзЯрзЗрж░ рж╕рж╛ржерзЗ ржЖржкрзЛрж╖ ржХрж░рждрзЗред ржмрж┐рж╢ ржмрзНржпрж╛ржЪ ржорж╛ржирзЗржЗ ржЕржирзНржпрж╛рзЯ,ржЕржмрж┐ржЪрж╛рж░ ржЖрж░ рж▓рзЗржЬрзБрзЬржмрзГрждрзНрждрж┐ржХ ржЫрж╛рждрзНрж░рж░рж╛ржЬржирзАрждрж┐рж░ ржмрж┐рж░рзБржжрзНржзрзЗ ржмрж┐ржкрзНрж▓ржмрзА ржПржХ рж╢ржХрзНрждрж┐ред"
ржЙрж╖рзНржгрзАрж╖'рзирзж,Ushnish means Crown...
ржПржХрж╛ржШрзНржирзА,ржПржХрж╛ржШрзНржирзА ржЕрж░рзНрже ржЕржмрзНржпрж░рзНрже рждрж╛ржЗ ржПржЗ ржирж╛ржорзЗ ржЖржорж╛ржжрзЗрж░ ржирж┐рж░рж╛ржкржж ржХрзНржпрж╛ржорзНржкрж╛рж╕рзЗрж░ ржкрзНрж░ржЪрзЗрж╖рзНржЯрж╛ рж╕ржлрж▓ рж╣рждрзЗ ржжрзГрзЭ рж╕ржВржХрж▓рзНржк ржкрзНрж░ржХрж╛рж╢ ржкрж╛ржмрзЗред
ржХрж▓ржЩрзНржХ рзирзж,Buet itselt a bad luck
ржХрж▓рзНржкржмрзИржнржм," ""ржХрж▓рзНржкржирж╛рж░ ржжрзНржпрзБрждрж┐"" ржмрж╛ ""ржоржирзЛржЬржЧрждрзЗрж░ ржРрж╢рзНржмрж░рзНржпред"""
ржЪрж┐рж░рж╛рзЯржд,ржмрж┐рж╕рж░рзНржЧ
ржжрж┐-ржжрж╢'рзирзж,рзирзж рж╕ржВржЦрзНржпрж╛ржХрзЗ ржХрзЗржирзНржжрзНрж░ ржХрж░ржмрзЗ
ржжрж┐ржЧржирзНрждржЬрзЯрзА 'рзирзж,No theme
ржжрзБрж░рзНржЬржпрж╝ '20,Meaning: indomitable; impossible to defeat
ржжрзБрж░рзНржжрж╛ржирзНржд'рзирзж ,рж╕рзВрж░рзНржпрзЗрж░ ржирзНржпрж╛рзЯ ржкрзНрж░ржЬрзНржЬрзБрж▓рзНрж▓ржорж╛ржи
ржжрзБрж░рзНржорж░ 20,"рж╕рзБржХрж╛ржирзНржд ржнржЯрзНржЯрж╛ржЪрж╛рж░рзНржп ржПрж░ ржХржмрж┐рждрж╛ ржжрзБрж░рзНржорж░ред ""рж╕рж╛ржмрж╛рж╕, ржмрж╛ржВрж▓рж╛ ржжрзЗрж╢, ржП ржкрзГржерж┐ржмрзА ржЕржмрж╛ржХ рждрж╛ржХрж┐ржпрж╝рзЗ рж░ржпрж╝: ржЬрзНржмрж▓рзЗ ржкрзБржбрж╝рзЗ-ржорж░рзЗ ржЫрж╛рж░ржЦрж╛рж░ рждржмрзБ ржорж╛ржерж╛ ржирзЛржпрж╝рж╛ржмрж╛рж░ ржиржпрж╝ред"" ржмрж┐рж╢ ржмрзНржпрж╛ржЪрзЗрж░ non-negotiable attitude  ржПрж░ рж╕рж╛ржерзЗ ржжрж┐рж╕ ржирзЗржЗржо ржПрж▓рж╛ржЗржирзНрж╕ ред"
ржжрзНржмрзИрж░рже рзирзж,Duel- referring to some significant disputes 20 batch has faced from starting the journey of university life and also during it and successfully overcomed it
ржжрзНрж░рзЛрж╣ рзирзж,рж╕ржХрж▓ ржкрзНрж░ржХрж╛рж░ ржЕржирзНржпрж╛ржпрж╝рзЗрж░ ржмрж┐рж░рзВржжрзНржзрзЗ рж░рзБржЦрзЗ ржжрж╛ржБржбрж╝рж╛ржмрзЗред
ржзрзНрж░рзБржкржжрж┐ 'рзирзж,ржзрзНрж░рзБржкржж ржнрж╛рж░рждрзАрзЯ рж╢рж╛рж╕рзНрждрзНрж░рзАрзЯ рж╕ржЩрзНржЧрзАрждрзЗрж░ ржПржХржЯрж┐ ржЕржирзНржпрждржо ржЕржнрж┐ржЬрж╛ржд ржзрж╛рж░рж╛ред ржПрж░ ржерзЗржХрзЗржЗ ржзрзНрж░рзБржкржжрж┐ рж╢ржмрзНржжржЯрж┐ ржПрж╕рзЗржЫрзЗред ржпрж╛ ржЖржнрж┐ржЬрж╛рждрзНржп ржмрж╛ ржЪрж┐рж░рж╛рзЯржд ржкрзНрж░ржХрж╛рж╢рзЗ ржмрзНржпржмрж╣рзГржд рж╣рзЯред
ржзрзНрж░рзБржкржжрзА,"ржЕржнрж┐ржЬрж╛ржд, ржЖржзрзБржирж┐ржХ, ржиржмржЙрждрзНржерж╛ржи"
ржиржирзНржжржШрзЛрж╖ рзирзж,joto dosh nondo ghost
ржиржирзНржжрзЛржШ рзирзж,ржпржд ржжрзЛрж╖ ржиржирзНржж ржШрзЛрж╖ 
ржиржмржжрж┐ржЧржирзНржд-рзирзж,"ржХрзЛржнрж┐ржбрзЗрж░ рж╕ржорзЯ ржжрзАрж░рзНржШ ржжрзБржЗ ржмржЫрж░ ржЕржкрзЗржХрзНрж╖рж╛рж░ ржоржзрзНржпрзЗ ржЖржорж╛ржжрзЗрж░ admission ржЬрж╛рж░рзНржирж┐ ржЪрж▓рзЗ, ржПрж░ржкрж░ ржЖржорж╛ржжрзЗрж░ ржмрзБрзЯрзЗржЯрзЗ ржЖржЧржоржирзЗрж░ ржорж╛ржзрзНржпржорзЗ ржжрзАрж░рзНржШ рзи ржмржЫрж░ ржкрж░ ржмрзБрзЯрзЗржЯрзЗ ржирждрзБржи ржПржХ рж╕рзВрж░рзНржпрзЗрж░ ржЬрж╛ржЧрж░ржг ржШржЯрзЗред ржмржЫрж░ ржжрзБрзЯрзЗржХ ржЖржзрж╛рж░рзЗрж░ ржкрж░ ржПржХ рж░рзЛржжрзЗрж▓рж╛ рж╕ржХрж╛рж▓рзЗрж░ рж░рзВржк рж╣рж┐рж╕рзЗржмрзЗ рзирзж ржмрзНржпрж╛ржЪрзЗрж░ ржЖржЧржоржг ржШржЯрзЗ ржмрзБрзЯрзЗржЯрзЗред ржПржЬржирзНржп ржЖржорж░рж╛ ржиржмржжрж┐ржЧржирзНржд-рзирзж"
ржиржмржкрзНрж░ржнрж╛ржд 'рзирзж,"ржирждрзБржи рж╕рзНржмрж╛ржзрзАржирждрж╛ ржкрж╛ржУржпрж╝рж╛рж░ ржкрж░рзЗрж░ ржкрзНрж░ржержо rag ржмрзНржпрж╛ржЪ ржЖржорж░рж╛редржЖржорж╛рж░ ржХрж╛ржЫрзЗ ржоржирзЗ рж╣ржпрж╝ ржиржмржкрзНрж░ржнрж╛ржд ржорж╛ржирзЗ рж╢рзБржзрзБ ржирждрзБржи ржжрж┐ржи ржиржпрж╝, ржПржЯрж┐ рж╕рж╛рж╣рж╕, ржжрзГржврж╝рждрж╛, ржПржмржВ ржирждрзБржи рж╕ржорзНржнрж╛ржмржирж╛рж░ ржкрзНрж░рждрзАржХ, ржпрж╛ ржкрзНрж░рждрж┐ржХрзВрж▓рждрж╛рж░ ржоржзрзНржпрзЗржУ ржПржЧрж┐ржпрж╝рзЗ ржЪрж▓рж╛рж░ ржорж╛ржирж╕рж┐ржХрждрж╛ржХрзЗ рждрзБрж▓рзЗ ржзрж░рзЗред ржарж┐ржХ ржпрзЗржоржи рж╕рзВрж░рзНржпрзЛржжржпрж╝ ржЕржирзНржзржХрж╛рж░ ржХрж╛ржЯрж┐ржпрж╝рзЗ ржЖрж▓рзЛ ржирж┐ржпрж╝рзЗ ржЖрж╕рзЗ, рждрзЗржоржирж┐ ржЖржорж╛ржжрзЗрж░ ржмрзНржпрж╛ржЪрзЗрж░ ржпрж╛рждрзНрж░рж╛ рж╣рж▓рзЛ ржкрзНрж░рждрж┐ржХрзВрж▓рждрж╛ржХрзЗ ржЕрждрж┐ржХрзНрж░ржо ржХрж░рзЗ ржирждрзБржи ржЖрж▓рзЛржпрж╝ ржПржЧрж┐ржпрж╝рзЗ ржпрж╛ржУржпрж╝рж╛рж░ ржкрзНрж░рждрзАржХред ржиржмржкрзНрж░ржнрж╛ржд ржЖржорж╛ржжрзЗрж░ ржирждрзБржи ржкржержЪрж▓рж╛рж░, ржЕржжржорзНржп ржоржирзЛржмрж▓рзЗрж░, ржПржмржВ ржЕржЧржгрж┐ржд рж╕ржорзНржнрж╛ржмржирж╛рж░ рж╕рзВржЪржирж╛, ржпрж╛ ржЖржорж╛ржжрзЗрж░ рж╕рж╛ржоржирзЗ ржирждрзБржи ржжрж┐ржирзЗрж░ ржЖрж╢рж╛ ржУ ржнржмрж┐рж╖рзНржпрзО ржирж┐рж░рзНржорж╛ржгрзЗрж░ рж╕ржорзНржнрж╛ржмржирж╛ ржЙржирзНржорзБржХрзНржд ржХрж░рзЗред"
ржиржмрж╛рж░рзБржг -рзирзж,ржирждрзБржи ржПржХ рж╕рзВрж░рзНржп
ржирж┐рж░ржмржзрж┐ ,
ржирж┐рж░рзНржЬрж┐ржд рзирзж,ржкрж░рж╛ржнрзВржд ржХрж░рж╛рж░ ржпрж╛ржпрж╝ ржирж╛ 
ржирж┐ржГрж╢ржЩрзНржХ рзирзжрзирзж,symbolizing bravery in facing challenges.
ржирзИрж╕рж░рзНржЧрж┐ржХ-рзирзж,"ржЖржорж░рж╛ ржмрзБрзЯрзЗржЯрзЗрж░ ржирж┐рж╕рж░рзНржЧрзЗрж░ ржкрзНрж░рждрж┐ ржнрж╛рж▓рзЛржмрж╛рж╕рж╛рзЯ ржПржЦрж╛ржирзЗ ржкрзНрж░ржержо ржПрж╕рзЗ ржПржЗ рж╕рзНржерж╛ржиржХрзЗ ржпрзЗржнрж╛ржмрзЗ ржкрзЗрзЯрзЗржЫрж┐, ржЪрж▓рзЗ ржпрж╛ржУрзЯрж╛рж░ ржЖржЧрзЗ ржЕржирзБржЬржжрзЗрж░ ржЬржирзНржп ржПржЗ рж╕рзНржерж╛ржирзЗрж░ ржирж┐рж╕рж░рзНржЧржХрзЗ ржпрж╛рждрзЗ ржЖрж░рзЛ рж╕рзБржирзНржжрж░ рж░рзЗржЦрзЗ ржпрзЗрждрзЗ ржкрж╛рж░рж┐ - ржПржЗ ржЖржорж╛ржжрзЗрж░ ржЕржЩрзНржЧрзАржХрж╛рж░"
ржкржерж┐ржХрзГрзО,"20 was always on the frontline of any injustice. So,yes Frontliners,pioneers."
ржкржерж┐ржХрзГрзО 'рзирзж,ржПржкрзНрж░рж┐рж▓рзЗ рж╕рж░рзНржмржкрзНрж░ржержо ржЫрж╛рждрзНрж░рж░рж╛ржЬржирзАрждрж┐ рж░рзЛржзрзЗ рж░рзБржЦрзЗ ржжрж╛рзЬрж╛ржмрж╛рж░ ржбрж╛ржХ ржжрж┐рзЯрзЗржЫрж┐рж▓ рзирзжржмрзНржпрж╛ржЪред ржмрзБрзЯрзЗржЯрзЗ рззрзо ржмрж╛ рззрзп ржмрзНржпрж╛ржЪрзЗрж░ рждрзБрж▓ржирж╛рзЯ рзирзж ржПрж░ ржнрзВржорж┐ржХрж╛ ржПржмржВ ржПржХрждрж╛ рж╕ржмржЪрзЗрзЯрзЗ ржмрзЗрж╢рж┐ ржЫрж┐рж▓ред рждрж╛ржЗ рж╕рзЗржЗ рж╕рзНржорж░ржгрзЗ рзирзж ржХрзЗ ржкржерж┐ржХрзГрзО рзирзж ржирж╛ржо ржХрж░ржг ржХрж░рж╛ рж╣рзЛржХ
ржкрзБржирж╛рж░рж╛ржмрж┐рж░рзНржнрж╛ржм,ржХрзЛржнрж┐ржб-рззрзп ржПрж░ ржкрзНрж░рждрж┐ржХрзВрж▓ ржкрж░рж┐рж╕рзНржерж┐рждрж┐рж░ рж╕ржорж╛ржкрзНрждрж┐рж░ ржкрж░рзЗ ржПржХ ржирждрзБржи рж╕рзНржмржкрзНржи ржирж┐рзЯрзЗ рж╢ржд ржкрзНрж░рждрж┐ржХрзВрж▓рждрж╛ ржирж┐рзЯрзЗ ржмрзБрзЯрзЗржЯ рзирзж ржмрзНржпрж╛ржЪ ржкрзНрж░ржмрзЗрж╢ ржХрж░рзЗ
ржкрзВрж░рзНржмрж╛рж╖рж╛рзЬрж╛/ Purvashada,"рж╢рж╛рж╕рзНрждрзНрж░рзЗрж░ рзирзж рждржо ржиржХрзНрж╖рждрзНрж░, ржпрж╛рж░ ржорж╛ржирзЗ 'ржЕржЬрзЗрзЯ'"
ржкрзНрж░рж╛ржЪрзБрж░рзНржп-20,ржЖржорж╛ржжрзЗрж░ рзирзж ржмрзНржпрж╛ржЪрзЗрж░ ржЕржирзЗржХрзЗржЗ рж╕рж╛рж╣рж╕рж┐ржХрждрж╛рж░ рж╕рж╛ржерзЗ ржХрзНржпрж╛ржорзНржкрж╛рж╕ ржкрзНрж▓рж╛рж╕ ржмрж╛рж╣рж┐рж░рзЗ ржЖржирзНржжрзЛрж▓ржи ржХрж░рзЗржЫрзЗредрж╕рж╛рж╣рж╕рзЗрж░ ржкрзНрж░рж╛ржЪрзБрж░рзНржпрждрж╛рж░ ржЬржирзНржпржЗ ржПржЗ ржирж╛ржо. ржЖржорж╛ржжрзЗрж░ рж╕рж╛рж╣рж╕рзЗрж░ ржкрзНрж░рж╛ржЪрзБрж░рзНржпрждрж╛
ржкрзНрж░рж╛рж░ржорзНржн рзирзж,"COVID er pore first batch amra dhuksi, in that sense. "
ржмрж░рзНржгржорзЯ рзирзж,
ржмрж░рзНржгрж╛ржврзНржп-рзирзж,ржмрж░рзНржгрж╛ржврзНржп ржЕрж░рзНрже рж░ржЩрж┐ржиред ржЖржорж░рж╛ рзирзж ржмрзНржпрж╛ржЪ ржПржЗ ржмрзБржпрж╝рзЗржЯ ржЗрждрж┐рж╣рж╛рж╕рзЗрж░ ржПржХржЯрж┐ ржмрж░рзНржгрж╛ржврзНржп ржмрзНржпрж╛ржЪ рж╣рж┐рж╕рж╛ржмрзЗржЗ рж░ржпрж╝рзЗржЫрж┐ред Covid ржПрж░ ржкрж░ ржЖржорж░рж╛ржЗ ржХрзНржпрж╛ржорзНржкрж╛рж╕ ржП ржкрзНрж░ржмрзЗрж╢ ржХрж░рж╛ ржкрзНрж░ржержо ржмрзНржпрж╛ржЪред ржПржЗ ржХрзНржпрж╛ржорзНржкрж╛рж╕ ржП covid ржПрж░ ржЕржирж▓рж╛ржЗржи ржХрзНрж▓рж╛рж╕ ржПрж░ рж╕рж╛ржжрж╛ ржХрж╛рж▓рзЛ ржЫржмрж┐ ржерзЗржХрзЗ рж╕рзЗржЗ ржкрзБрж░рж╛рждржи ржмрзБржпрж╝рзЗржЯ ржлрж┐рж░рзЗ ржкрж╛ржмрж╛рж░ ржЬржирзНржп ржХрзНржпрж╛ржорзНржкрж╛рж╕ ржП ржЖржорж╛ржжрзЗрж░ ржкрзНрж░ржмрзЗрж╢ ржХрж░рзЗржЫрж┐рж▓ ржЖржорж╛ржжрзЗрж░ ржмрзБржпрж╝рзЗржЯ ржХрзЗ рж░ржЩрж┐ржиред рждрж╛ржЗ ржПржЗ ржирж╛ржоржЯрж┐ ржЖржорж╛ржжрзЗрж░ рж╕рж╛ржерзЗ ржмрзНржпрж╛ржЪ ржПрж░ рж╕рж╛ржерзЗ ржпрж╛ржпрж╝ред
ржмрж░рзНржгрж╛ржн'рзирзж,It means rainbow. The name itself will resemble the radiance of the batch. 
ржмрж░рзНржгрж╛рж▓рж┐, ржмрж┐ржнрж┐ржирзНржи ржмрж░рзНржгрзЗрж░ ржЖрж▓рзЛрж░ рж╕ржорж╛рж╣рж╛рж░
ржмрж░рзНржгрж╛рж▓рзА рзирзж,"рзирзж ржмрзНржпрж╛ржЪрзЗрж░ ржкржЯрзЗржирж╢рж┐рзЯрж╛рж▓ рж╕ржмржЪрзЗрзЯрзЗ ржмрзЗрж╢рж┐ ржоржирзЗ рж╣рзЯ ржЖржорж╛рж░ ржХрж╛ржЫрзЗред ржПржЦрж╛ржирзЗ рж╕ржм ржзрж░ржгрзЗрж░ ржкрзЛрж▓рж╛ржкрж╛ржЗржи ржПржХрзНрж╕рж┐рж╕рзНржЯ ржХрж░рзЗ, ржЖрж▓рзЛрж░ рж╕рж╛ржд ржмрж░рзНржгрзЗрж░ ржмрж░рзНржгрж╛рж▓рзАрж░ ржорждрзЛред рж╕рзЗ ржерзЗржХрзЗ ржмрж░рзНржгрж╛рж▓рзА рзирзж"
ржмрж░рзНржгрж┐рж▓,Multicolored logo and wall
ржмрж░рзНржгрж┐рж▓ рзирзж,"ржмрж░рзНржгрж┐рж▓ means combination of different colors.Till now we have went through different experiences and phases in our life.Each incident has specific color, stories. Each of us represens different color.So I guess we blend them all together.."
ржмрж░рзНрждрж┐ржХрж╛ рзирзж,ржмрж░рзНрждрж┐ржХрж╛ рж╣рж▓ ржорзЛржоржмрж╛рждрж┐рж░ ржорж╛ржерж╛ржпрж╝ ржЖрж▓рзЛржХрзЗ ржзрж╛рж░ржг ржХрж░рж╛ рж╕рж▓рждрзЗред ржмрзБржпрж╝рзЗржЯрзЗрж░ ржкрзНрж░рж╛ржпрж╝ рж╕ржХрж▓ ржХрзНрж░рж╛ржирзНрждрж┐рж▓ржЧрзНржирзЗ ржмрж┐рж╢ ржмрзНржпрж╛ржЪ ржЕржирзНржпрж╛ржпрж╝рзЗрж░ ржмрж┐рж░рзБржжрзНржзрзЗ ржкрзНрж░ржжрзАржкрзЗрж░ ржоржд ржЬрзНржмрж▓рзЗ ржЙржарзЗржЫрж┐рж▓ ржПржмржВ ржмрж░рзНрждрж┐ржХрж╛рж░  ржоржд ржЕржЯрж▓ ржЫрж┐рж▓ рждрж╛ржЗ рзирзж ржмрзНржпрж╛ржЪрзЗрж░ ржирж╛ржо ржмрж░рзНрждрж┐ржХрж╛ рзирзж рж╣рждрзЗ ржкрж╛рж░рзЗ
ржмрж╣рзБржжрзВрж░'рзирзж,We have a long long way. BUET life is just a first step of eternity. 
ржмрж╣рзБржмрзНрж░рзАрж╣рж┐'рзирзж,"ржмрж╣рзБржмрзНрж░рзАрж╣рж┐рж░ ржорж╛ржирзЗ рж╣рж▓рзЛ ржнрж┐ржирзНржирждрж╛,ржкрзНрж░ржЪрж▓рж┐ржд ржЕрж░рзНржерзЗрж░ ржмрж╛ржЗрж░рзЗрж░ ржХрзЛржирзЛ ржЕрж░рзНржеред  ржПржЗ ржнрж┐ржирзНржирждрж╛ ржЖржорж╛ржжрзЗрж░ ржмрзНржпрж╛ржЪрзЗрж░ рж╕рж╛ржерзЗ ржУрждржкрзНрж░рзЛрждржнрж╛ржмрзЗ ржЬрзЬрж┐рждред ржПржбржорж┐рж╢ржи рж╕рж┐рж╕рзНржЯрзЗржо,ржПржХрж╛ржбрзЗржорж┐ржХ ржХрзНржпрж╛рж▓рзЗржирзНржбрж╛рж░,ржЕржирж▓рж╛ржЗржи ржХрзНрж▓рж╛рж╕ рж╕ржмржЯрзБржХрзБрж░ рж╢рзБрж░рзБржЗ рж╣рзЯ ржнрж┐ржирзНржи ржкржжрзНржзрждрж┐рждрзЗред ржмрзБрзЯрзЗржЯрзЗ рж╢рж┐ржХрзНрж╖рж╛рж░рзНржерзЗрж░ ржжрж╛ржмрзА ржжрж╛ржУрзЯрж╛рж╕рж╣ ржмрж┐ржнрж┐ржирзНржи ржЕржнрзНржпржирзНрждрж░рзАржи рж╕рж┐ржжрзНржзрж╛ржирзНрждрзЗ ржЖржорж░рж╛ рж╕рж░рзНржмржжрж╛ ржПржХржирж┐рж╖рзНржа ржЫрж┐рж▓рж╛ржо ржпрзЗржХрзЛржи ржЕржкрзНрж░рж╕рж╛ржВржЧрж┐ржХ рж╕рж┐ржжрзНржзрж╛ржирзНрждрзЗ рж╕рзНрж░рзЛрждрзЗрж░ рж╕рж╛ржерзЗ ржЧрж╛ ржирж╛ ржнрж╛рж╕рж┐рзЯрзЗ ржЖржорж░рж╛ ржмрж┐ржнрж┐ржирзНржиржнрж╛ржмрзЗ ржкрзНрж░рждрж┐ржмрж╛ржж ржХрж░рж╛рж░ ржЪрзЗрж╖рзНржЯрж╛ ржХрж░рж┐ред  ржмрзНржпрж╛ржкржХ рж╕ржорж╛рж▓рзЛржЪржирж╛рж░ ржкрж░ржУ ржЖржорж░рж╛ ржЖржорж╛ржжрзЗрж░ ржжрзГрзЭ рж╕рж┐ржжрзНржзрж╛ржирзНрждрзЗ ржЕржмрж┐ржЪрж▓ ржерж╛ржХрж┐ред ржПржЗ ржпрзЗ ржПржд ржнрж┐ржирзНржирждрж╛рж░ ржоржзрзНржпрзЗ ржжрж┐рзЯрзЗ ржЖржорж░рж╛ ржЖржЬ рж╕рзВрж░рзНржпрж╛рж╕рзНрждрзЗрж░ рж╢рзБрж░рзБржЯрж╛ ржжрзЗржЦрждрзЗ ржпрж╛ржЪрзНржЫрж┐,ржПржЯрж╛ржЗ ржЖржорж╛ржжрзЗрж░ ""ржмрж╣рзБржмрзНрж░рзАрж╣рж┐"" ржирж╛ржорзЗрж░ рж╕рж╛рж░рзНржержХрждрж╛ред

Related to BISH B and 
Full/rich in the sense of wisdom(ржмрж╣рзБржмрзНрж░рзАрж╣рж┐ - ржмрж╣рзБ ржзрж╛ржи ржЖржЫрзЗ ржпрж╛рж░), want to portrait 20 as full of wisdom instead of crops in the name ржмрж╣рзБржмрзНрж░рзАрж╣рж┐"
ржмрж╣рзБржорж╛рждрзНрж░рж┐ржХ,"ржЖржорж╛ржжрзЗрж░ ржПржЗ ржмрзНржпрж╛ржЪржЯрж╛ рж╕ржмржХрж┐ржЫрзБрж░ржЗ рж╕ржорзНржорзБржЦрзАржи рж╣ржЗржЫрзЗ,рзнрзз ржПрж░ ржкрж░рзЗ ржкрзНрж░ржержо ржЕржЯрзЛржкрж╛рж╢ ржжрзЗржЦржЫрж┐,ржХрж░рзЛржирж╛ ржорж╣рж╛ржорж╛рж░рзАрж░ ржкрзНрж░ржХрзЛржк ржжрзЗржЦржЫрж┐,ржмрзБрзЯрзЗржЯрзЗрж░ ржкрзНрж░ржержо ржЯрж╛рж░рзНржо ржлрж╛ржЗржирж╛рж▓ ржкрзЗржЫрж╛ржирзЛ ржжрзЗржЦржЫрж┐,ржЕржирж▓рж╛ржЗржи-ржЕржлрж▓рж╛ржЗржи ржХрзНрж▓рж╛рж╕ ржжрзЗржЦржЫрж┐,ржлрзНржпрж╛рж╕рж┐рж╕рзНржЯрзЗрж░ ржЙрждрзНржерж╛ржи ржкрждржи ржжрзЗржЦржЫрж┐....рж╕ржм ржорж┐рж▓рж╛рзЯ ржмрж╣рзБ ржХрж┐ржЫрзБрж░ рж╕ржорзНржорзБржЦрзАржи рж╣ржЗржЫрж┐ ,,ржмрж╣рзБ ржорж╛рждрзНрж░рж╛ ржпрзЛржЧ рж╣ржЗржЫрзЗ"
ржмрж╣рзНржирж┐ рзирзж,"ржмрж╣рзНржирж┐рж░ рждрзАржмрзНрж░рждрж╛ржХрзЗ ржзрж╛рж░ржг ржХрж░рзЗ ржЪрж╛рж░ржжрж┐ржХрзЗрж░ ржЕрж╢рзБржн рж╢ржХрзНрждрж┐ ржХрзЗ ржжржорж┐рзЯрзЗ ржирждрзБржи ржнржмрж┐рж╖рзНржпрждрзЗрж░ ржЖржХрж╛ржЩрзНржХрзНрж╖рж╛, Cause 20 batch is fireee, 20 like raging fire,19 like smoldering fire -hulkЁЯШм"
ржмрж╣рзНржирж┐рж╢рж┐ржЦрж╛'рзирзж,"рждрзАржмрзНрж░рждрж╛, ржЙржжрзНржпржо, ржПржмржВ ржЙржЬрзНржЬрзНржмрж▓рждрж╛рж░ ржкрзНрж░рждрзАржХред ржЬрзАржмржирзЗрж░ ржЬрзНржмрж▓ржирзНржд ржЖржХрж╛ржЩрзНржХрзНрж╖рж╛, рж╕рж╛рж╣рж╕, ржУ ржЕржкрзНрж░рждрж┐рж░рзЛржзрзНржп рж╢ржХрзНрждрж┐ржХрзЗ ржЙржкрж╕рзНржерж╛ржкржи ржХрж░рзЗ, The fire inside us, рж╕рждрзНржп ржУ ржирзНржпрж╛рзЯ ржПрж░ ржкржХрзНрж╖рзЗ рж╕рж░рзНржмржжрж╛ рж╕рзЛржЪрзНржЪрж╛рж░"
ржмрж╛ржЧрзНржорзА-рзирзж,рзирзж ржмрзНржпрж╛ржЪ рж╕рж░рзНржмржжрж╛ржЗ ржпрзБржХрзНрждрж┐ ржжрж┐рзЯрзЗ рж╕ржмржХрж┐ржЫрзБрж░ рж╕рж┐ржжрзНржзрж╛ржирзНржд ржирж┐рзЯрзЗржЫрзЗред ржпрзБржХрзНрждрж┐ ржжрж┐рзЯрзЗ рж╕ржмрж╛ржЗржХрзЗ ржарж┐ржХ ржнрзБрж▓ ржмрзБржЭрж┐рзЯрзЗржЫрзЗред рждрж╛ржЗ рждрж╛рж░рж╛ ржпрзБржХрзНрждрж┐ржмрж╛ржжрзА-ржмрж╛ржЧрзНржорзАред
ржмрж╛рж░рзБржж рзирзж ,
ржмрж┐ржЬрзЯржирзНржд -рзирзж,"  ржмрзАрж░, ржмрж┐ржЬрзЯрзА"
ржмрж┐ржжрж┐ржд,ржмрж┐ржжрж┐ржд ржорж╛ржирзЗ ржмрзБржжрзНржзрж┐ржорж╛ржи 
ржмрж┐ржжрзНржпрзЛржд рзирзж,"ржкрзНрж░ржнрж╛, ржжрзНржпрзБрждрж┐"
ржмрж┐ржжрзНрж░рзЛрж╣рзА ,"ржмрзБрзЯрзЗржЯ 'рзирзж ржмрзНржпрж╛ржЪ ржкрзНрж░рждрж┐ржмрж╛ржж ржХрж░рзЗ ржмрзЗрзЯрж╛ржжржм ржЯрзНржпрж╛ржЧ ржкрзЗрзЯрзЗржЫрзЗ, ржХрж┐ржирзНрждрзБ ржЪрзБржк ржХрж░рзЗ ржпрж╛рзЯржирж┐ред рждрж╛ржжрзЗрж░ рж╕рж╛ржерзЗ ржмрж┐ржжрзНрж░рзЛрж╣, ржмрж┐ржжрзНрж░рзЛрж╣рзА - ржПржЗ ржХржерж╛ржЧрзБрж▓рзЛ ржнрж╛рж▓рзЛ ржпрж╛рзЯред рждрж╛ржЫрж╛рзЬрж╛ ржЬрж╛рждрзАрзЯ ржХржмрж┐ ржХрж╛ржЬрзА ржиржЬрж░рзБрж▓ ржЗрж╕рж▓рж╛ржорзЗрж░ ржХржмрж┐рждрж╛ ржЖржЫрзЗ ""ржмрж┐ржжрзНрж░рзЛрж╣рзА""ред ""ржЖржорж┐ ржЪрж┐рж░-ржмрж┐ржжрзНрж░рзЛрж╣рзА ржмрзАрж░ тАУ ржмрж┐рж╢рзНржм ржЫрж╛ржбрж╝рж╛ржпрж╝рзЗ ржЙржарж┐ржпрж╝рж╛ржЫрж┐ ржПржХрж╛ ржЪрж┐рж░-ржЙржирзНржиржд рж╢рж┐рж░!"" ржЖржорж░рж╛ рзирзж ржмрзНржпрж╛ржЪ ржЕржирзЗржХ рж╕ржВржЧрзНрж░рж╛ржорзА, ржЫрж╛рждрзНрж░ рж░рж╛ржЬржирзАрждрж┐ ржмрж┐рж░рзЛржзрзА , ржЖржмрж╛рж░ рж╕рж░ржХрж╛рж░ ржкрждржирзЗржУ ржЖржорж░рж╛ ржнрж╛рж▓рзЛ ржнрзБржорж┐ржХрж╛ рж░рж╛ржЦржЫрж┐ , рждрж╛ржЗ ржмрж┐ржкрзНрж▓ржмрзА ржмрж╛ ржЗржиржХрж┐рж▓рж╛ржм  ржмрж╛ ржмрж┐ржжрзНрж░рзЛрж╣рзА  ржирж╛ржоржЧрзБрж▓рзЛ ржнрж╛рж▓рзЛ 20 always stood against the flow and revolted against any syndicate from within or the senior, junior batches, so that makes us ржмрж┐ржжрзНрж░рзЛрж╣рзА тЬМя╕П
ржЬрзБрж▓рж╛ржЗ ржмрж┐ржкрзНрж▓ржм 
20 is and always has been a rebellious batch criticizing any questionable steps
seniors think we are beyadop
ржпрзЗржХрзЛржирзЛ ржЕржирзНржпрж╛ржпрзНржп ржХрж░рзНржоржХрж╛ржгрзНржбрзЗрж░ ржмрж┐рж░рзБржжрзНржзрзЗ ржкрзНрж░рждрж┐ржмрж╛ржжрзА ржЪрзЗрждржирж╛ рж╕рзНржмрж░рзВржк 
ржмрзБрзЯрзЗржЯрзЗрж░ ржпрзЗржХрзЛржирзЛ ржЕржирзНржпрж╛рзЯ рж╕рж┐ржжрзНржзрж╛ржирзНрждрзЗ ржкрзНрж░рждрж┐ржмрж╛ржжрзА ржнрзВржорж┐ржХрж╛"
ржмрж┐ржирзНржжрзБржмрзГрждрзНржд'рзирзж,"""ржХрзНрж╖рзБржжрзНрж░ ржХрзНрж╖рзБржжрзНрж░ ржмрж╛рж▓рзБржХржгрж╛, ржмрж┐ржирзНржжрзБ ржмрж┐ржирзНржжрзБ ржЬрж▓; ржЧрзЬрзЗ рждрзЛрж▓рзЗ ржорж╣рж╛ржжрзЗрж╢, рж╕рж╛ржЧрж░ ржЕрждрж▓!""  ржмрж┐ржирзНржжрзБржмрзГрждрзНржд (Point Circle) ржХрзА, рж╕рзЗржЯрж╛ ржЖржорж░рж╛ рж╕ржмрж╛ржЗ ржЬрж╛ржирж┐ред ржмрж┐ржирзНржжрзБржмрзГрждрзНрждржХрзЗ ржЖржорж░рж╛ ржПржХржЯрж┐ ржХрзЗржирзНржжрзНрж░ржмрж┐ржирзНржжрзБрж░ рж╕рж╛ржерзЗ рждрзБрж▓ржирж╛ ржХрж░рждрзЗ ржкрж╛рж░рж┐ред рзирзж ржмрзНржпрж╛ржЪрзЗрж░ ржПржХржЯрж┐ ржЕржиржирзНржп ржмрзИрж╢рж┐рж╖рзНржЯрзНржп рж╣рж▓рзЛ, рзирзж ржмрзНржпрж╛ржЪ рждрж╛ржжрзЗрж░ ржЖржЧржоржирзЗрж░ ржкрж░ ржерзЗржХрзЗ ржкрзНрж░рждрж┐ржЯрж┐ ржЧрзБрж░рзБрждрзНржмржкрзВрж░рзНржг ржЖржирзНржжрзЛрж▓ржирзЗ рж╕рзЛржЪрзНржЪрж╛рж░ ржерзЗржХрзЗ ржорзБржЦрзНржп ржнрзВржорж┐ржХрж╛ ржкрж╛рж▓ржи ржХрж░рзЗ ржПрж╕рзЗржЫрзЗред ржирж╛ржирж╛ржмрж┐ржз ржЕржирзНржпрж╛рзЯ, ржЕрж╕ржЩрзНржЧрждрж┐, ржкрж▓рж┐ржЯрж┐ржХрзНржпрж╛рж▓ ржЗрж╕рзНржпрзБржЬ ржкрзНрж░ржнрзГрждрж┐ ржХрзНрж╖рзЗрждрзНрж░рзЗ рж╕рж╛рж╣рж╕рж┐ржХрждрж╛рж░ рж╕рж╛ржерзЗ zero tolerance show ржХрж░рзЗржЫрзЗ, ржпрзЗржЯрж╛ ржЕржирзЗржХржХрзНрж╖рзЗрждрзНрж░рзЗржЗ ржЕржирзЗржХ ржмрзНржпрж╛ржЪ Unitedly ржХрж░рзЗржирж┐ред  ржорзВрж▓ржХржерж╛, рзирзж ржмрзНржпрж╛ржЪ рждрж╛ржжрзЗрж░ ржмрзБрзЯрзЗржЯрзЗ ржЖржмрж┐рж░рзНржнрж╛ржмрзЗрж░ ржкрж░ ржерзЗржХрзЗ ржкрзНрж░рждрж┐ржЯрж┐ ржмрж┐ржкрзНрж▓ржмрзЗрж░ ржХрзЗржирзНржжрзНрж░ржмрж┐ржирзНржжрзБ рждржерж╛ ""ржмрж┐ржирзНржжрзБржмрзГрждрзНржд"" рж╣рзЯрзЗ рж╕ржмрж╛рж░ ржХрж╛ржЫрзЗ ржзрж░рж╛ ржжрж┐рзЯрзЗржЫрзЗред"
"ржмрж┐ржкрж╛рж╢рзНржмрж┐ржХ'рзирзж   
","1)Meaning ""all-encompassing,"" symbolizing inclusivity, harmony, and equality for all people.      
"
ржмрж┐ржкрзНрж░рждрзАржк рзирзж,"ржмрж┐ржкрзНрж░рждрзАржк рзирзж ржирж╛ржоржЯрж┐ ржкрзНрж░рждрзАржХ ржпрзЗ ржХрзЛржиржУ ржкрзНрж░ржЪрж▓рж┐ржд ржзрж╛рж░рж╛ ржмрж╛ ржирж┐ржпрж╝ржорзЗрж░ ржмрж┐рж░рзБржжрзНржзрзЗ ржЪрж▓рж╛рж░ рж╕рж╛рж╣рж╕рзА ржоржирзЛржнрж╛ржмрзЗрж░ред ржПржЯрж┐ ржмрзЛржЭрж╛ржпрж╝ ржпрзЗ, ржПржЗ ржмрзНржпрж╛ржЪ ржЧрждрж╛ржирзБржЧрждрж┐ржХ ржЪрж┐ржирзНрждрж╛ржзрж╛рж░рж╛ржХрзЗ ржкрзНрж░рж╢рзНржи ржХрж░рзЗ, ржирждрзБржиржХрзЗ ржЧрзНрж░рж╣ржг ржХрж░рждрзЗ ржПржмржВ рж╕рзГрж╖рзНржЯрж┐рж╢рзАрж▓рждрж╛ржХрзЗ ржЙрзОрж╕рж╛рж╣рж┐ржд ржХрж░рждрзЗ ржжрзГржврж╝ржкрзНрж░рждрж┐ржЬрзНржЮред ржПржЦрж╛ржирзЗ ржирж╛ржоржЯрж┐ ржПржоржи ржПржХржЯрж┐ ржнрж╛ржмржирж╛рж░ ржкрзНрж░рждрж┐ржлрж▓ржи, ржпрж╛ ржмрж┐ржжрзНржпржорж╛ржи рж╕рзАржорж╛ржирж╛ ржЕрждрж┐ржХрзНрж░ржо ржХрж░рждрзЗ ржПржмржВ ржЪрж┐рж░рж╛ржЪрж░рж┐ржд ржзрзНржпрж╛ржиржзрж╛рж░ржгрж╛рж░ ржмрж╛ржЗрж░рзЗ ржЧрж┐ржпрж╝рзЗ ржирж┐ржЬрж╕рзНржм ржПржХржЯрж┐ ржкрже рждрзИрж░рж┐ ржХрж░рждрзЗ рж╕ржВржХрж▓рзНржкржмржжрзНржзред рзирзж batch has seen it all:COVID, fall of fascist regime...you name it. We stood againt every darkness.  ржмрж┐ржкрзНрж░рждрзАржк ржЕрж░рзНрже ржмрж┐рж░рзБржжрзНржз ржмрж╛ ржмрж┐ржкрж░рзАржд 
ржЖржнрж┐ржзрж╛ржирж┐ржХ ржЕрж░рзНрже рж╕ржорзНржкрзВрж░рзНржг ржмрж┐ржкрж░рзАрждред рж╕ржХрж▓ ржкрзНрж░ржХрж╛рж░ ржЕржирзНржпрж╛рзЯ ржПрж░ ржмрж┐ржкрж░рзАрждрзЗ рзирзж ржПрж░ ржЕржмрж╕рзНржерж╛ржи ржХрзЗ ржмрзБржЭрж╛ржирзЛред  ржкрзНрж░рждрж┐ржХрзВрж▓- revolutionary & always walking against the flow
Viewing scenarios/issues from the other side.On the different aspects of a story"
ржмрж┐ржкрзНрж▓ржм'20,"ржЬрзБрж▓рж╛ржЗ ржмрж┐ржкрзНрж▓ржмрзЗрж░ ржоржд ржРрждрж┐рж╣рж╛рж╕рж┐ржХ ржШржЯржирж╛рж░ рж╕рж╛ржХрзНрж╖рзА рж╣рзЯрзЗржЫрж┐ ржЖржорж░рж╛ ржПржЗ ржмржЫрж░ред рждрж╛ржЫрж╛рзЬрж╛ржУ ржмрзБрзЯрзЗржЯрзЗрж░ ржпрзЗржХрзЛржирзЛ ржЗрж╕рзНржпрзБрждрзЗ 'рзирзж ржмрзНржпрж╛ржЪ ржмрж░рж╛ржмрж░ржЗ ржмрж▓рж┐рж╖рзНржа ржЖржУрзЯрж╛ржЬ рждрзБрж▓рзЗржЫрзЗ, ржпрж╛ ржмрзНржпрж╛ржЪрзЗрж░ ржмрж┐ржкрзНрж▓ржмрзА, ржЕржирзНржпрж╛рзЯрзЗрж░ ржмрж┐рж░рзБржжрзНржзрзЗ рж╕рзЛржЪрзНржЪрж╛рж░рзА ржоржирзЛржнрж╛ржм рждрзБрж▓рзЗ ржзрж░рзЗред ржПржЬржирзНржпржЗ ржПржЗ ржирж╛ржо ""ржмрж┐ржкрзНрж▓ржм'рзирзж"" Same as the first one.
as in this year the autocratic govt fled away from the country and this was a revolution indeed so in order to commemorate that we can keep this name 
 always vocal and resistive Against any odd"
ржмрж┐ржмрж░рзНрждржи-рзирзж,"ржмрж┐ржмрж░рзНрждржи ржЕрж░рзНрже ржкрж░рж┐ржмрж░рзНрждржиред рзирзж ржмрзНржпрж╛ржЪ ржЖржорж╛ржжрзЗрж░ ржмрзБржпрж╝рзЗржЯ ржХрзНржпрж╛ржорзНржкрж╛рж╕рзЗрж░ ржЕржирзЗржХ ржЧрзБрж▓рзЛ ржкрж░рж┐ржмрж░рзНрждржирзЗрж░ рж╕рж╛ржХрзНрж╖рзА ржЫрж┐рж▓ред рждрж╛рж░рж╛ ржПржЗ ржХрзНржпрж╛ржорзНржкрж╛рж╕рзЗрж░ ржЕржирзЗржХ ржХрж┐ржЫрзБрждрзЗ рж╢рзБржзрзБ ржпрзЗ ржкрж░рж┐ржмрж░рзНрждржи ржПржирзЗржЫрзЗ, ржПржирзЗржЫрзЗ ржирждрзБржирждрзНржмрзЗрж░ ржЫрзЛржБржпрж╝рж╛ред рждрж╛ржЗ ржЖржорж┐ ржоржирзЗ ржХрж░рж┐ ржПржЗ ржирж╛ржоржЯрж┐ ржЖржорж╛ржжрзЗрж░ batch ржПрж░ рж╕рж╛ржерзЗ ржпрж╛ржпрж╝ред ржкрж░рж┐ржмрж░рзНрждржирж╢рзАрж▓рждрж╛, ржЙржирзНржирждрж┐рж░ ржкрзНрж░рждрзАржХ ржПржмржВ ржмрж░рзНржзржирж╢рзАрж▓ рж╕рждрзНрждрж╛рж░ ржкрзНрж░рждрж┐ржлрж▓ржи ржХрж░рзЗред"
ржмрж┐ржнрж╛рж╕ рзирзж ,ржЖржнрж┐ржзрж╛ржирж┐ржХ ржЕрж░рзНрже ржЙржЬрзНржЬрзНржмрж▓ ржкрзНрж░ржХрж╛рж╢ ржмрж╛ ржжрж┐ржмрж╛рж░ ржкрзНрж░ржержо ржкрзНрж░рж╣рж░рзЗ ржЧрзЗрзЯ рж╕ржВржЧрзАрждред рзирзж ржПрж░ рж╕рж░рзНржмржжрж╛ рж╕ржм ржЕржирзНржпрж╛рзЯрзЗрж░ ржмрж┐рж░рзБржжрзНржзрзЗ рж╕ржорзБржЬрзНржЬрзНржмрж▓ ржкрзНрж░рждрж┐ржмрж╛ржж ржХрзЗ рждрзБрж▓рзЗ ржзрж░рж╛ред 
ржмрж┐ржорзВрж░рзНржд,
ржмрж┐ржорзГрж╖рзНржп рзирзж ,"ржмрж┐ржорзГрж╖рзНржп ржЕрж░рзНрже ржмрж┐ржмрзЗржЪржХ , рж╕рж╣ржирж╢рзАрж▓ . ржмрж┐ржорзГрж╖рзНржп ржЕрж░рзНрже ржмрж┐ржмрзЗржЪржирж╛ржХрж╛рж░рзА / ржжрзВрж░ржжрж░рзНрж╢рзА"
ржмрж┐рж╢ржЩрзНржХ 'рзирзж,ржХрзНржпрж╛ржорзНржкрж╛рж╕рзЗрж░ рж╕ржХрж▓ ржЕржирзНржпрж╛ржпрж╝рзЗрж░ ржмрж┐рж░рзБржжрзНржзрзЗ ржмрж┐рж╢ ржмрзНржпрж╛ржЪрзЗрж░ рж╕рзНржЯрзНржпрж╛ржирзНрж╕ ржЫрж┐рж▓ рж╕ржмрж╕ржоржпрж╝ ржирж┐рж░рзНржнрзАржХред 
ржмрж┐ржВрж╢рждрж┐'рзирзж,bingshoti means 20
ржмрж┐рж╢рж╛ржЦ,"ржЙрзОржХрзГрж╖рзНржЯ, ржмрж▓рж╢рж╛рж▓рзА, ржЕржкрж░рж╛ржЬрзЗржпрж╝ ржпрзЛржжрзНржзрж╛ ред Also ржмрж┐рж╢-ржжрж┐рзЯрзЗ рж╢рзБрж░рзБ "
ржмрж┐рж╖рж╛ржг,ржмрж┐рж╢(рзирзж) ржПрж░ рж╕рж╛ржерзЗ ржорж┐рж▓ ржЖржЫрзЗ ржирж╛ржорзЗрж░ред
ржмрж┐рж╖рзНржорзЯ рзирзж,"рзирзж ржмрзНржпрж╛ржЪрзЗрж░ рж╕рж╛ржерзЗ рж╣ржУрзЯрж╛ ржмрж┐рж╖рзНржорзЯржХрж░ ржЬрж┐ржирж┐рж╕рзЗрж░ ржорзБрж▓рждрзЛ рж╢рзЗрж╖ ржирж╛ржЗ ржПржЗ ржпрзЗржоржи: HSC ржЕржЯрзЛржкрж╛рж╢,, ржмрзБрзЯрзЗржЯ рж▓рж╛ржЗржлрзЗрж░ рж╢рзБрж░рзБржЯрж╛ржЗ ржЕржирж▓рж╛ржЗржирзЗ,, ржорж┐ржб ржмрзНрж░рзЗржХ ржЫрж╛рзЬрж╛ ржЯрж╛рж░рзНржо рж╢рзЗрж╖ ржХрж░рж╛,,рззрзи рж╕ржкрзНрждрж╛рж╣рзЗрж░ ржЯрж╛рж░рзНржо ржЗрждрзНржпрж╛ржжрж┐ ржЗрждрзНржпрж╛ржжрж┐  ржПржоржи рж╣рж╛ржЬрж╛рж░рзЛ ржЙржжрж╛рж╣рж░ржг ржжрзЗржУрзЯрж╛ ржпрж╛ржмрзЗредред "
ржмрж┐рж╕ржжрзГрж╢ рзирзж,ржЖржнрж┐ржзрж╛ржирж┐ржХ ржЕрж░рзНрже ржЕржирзНржпрж░ржХржо ред  it also means as  same as the upper one. 
ржмрж┐рж╕ржжрзГрж╢'рзирзж,"ржмрж┐рж╕ржжрзГрж╢ ржЕрж░рзНрже Unique/ржЖрж▓рж╛ржжрж╛ред ржмрзБрзЯрзЗржЯрзЗрж░ ржЗрждрж┐рж╣рж╛рж╕рзЗ рзирзж ржмрзНржпрж╛ржЪрзЗрж░ ржорждрзЛ ржПрждржЯрж╛ Different ржмрзНржпрж╛ржЪ ржЖрж░ ржжрзЗржЦрж╛ ржпрж╛рзЯржирж┐ред HSC ржирж┐рзЯрзЗ ржорж╛рж╕рзЗрж░ ржкрж░ ржорж╛рж╕ ржЕржирж┐рж╢рзНржЪрзЯрждрж╛, ржЕржд:ржкрж░ ржЕржЯрзЛржкрж╛рж╢, ржХрж░рзЛржирж╛ржХрж╛рж▓рзАржи ржнрж░рзНрждрж┐ржпрзБржжрзНржз, ржнрж░рзНрждрж┐ ржкрж░рзАржХрзНрж╖рж╛рзЯ ржкрзНрж░ржержоржмрж╛рж░рзЗрж░ ржорждрзЛ two/three tiers of filtering, ржПрж░ржкрж░ ржЕржирж▓рж╛ржЗржирзЗ ржмрзБрзЯрзЗржЯ ржЬрзАржмржирзЗрж░ рж╢рзБрж░рзБ ржПржмржВ ржмрзБрзЯрзЗржЯрзЗрж░ рж╕ржХрж▓ ржпрзМржХрзНрждрж┐ржХ ржкрзНрж░рждрж┐ржмрж╛ржж ржУ ржмрж┐ржкрзНрж▓ржмрзЗ ржЕржиржирзНржп ржнрзВржорж┐ржХрж╛ ржкрж╛рж▓ржи ржХрж░рж╛ред ржХржарж┐ржи ржерзЗржХрзЗ ржХржарж┐ржирждрж░ ржзрж╛ржк ржЙрждрж░рж┐рзЯрзЗ рзирзж ржмрзНржпрж╛ржЪ ржжрзЗржЦрж┐рзЯрзЗржЫрзЗ рждрж╛ржжрзЗрж░ unparallel power of protest, power of resistance! рждрж╛ржЗ ржПржЗ ржмрзНржпрж╛ржЪрзЗрж░ рж╕рж╛ржерзЗ ржЕржирзНржп ржХрзЛржирзЛ ржмрзНржпрж╛ржЪрзЗрж░ржЗ ржорж┐рж▓ ржирзЗржЗред рзирзж ржмрзНржпрж╛ржЪ рждрж╛ржЗ ржмрж┐рж╕ржжрзГрж╢, рж╕ржмрж╛рж░ ржерзЗржХрзЗ ржЖрж▓рж╛ржжрж╛!"
ржмрж┐рж╕рж░рзНржЧ рзирзж,"рж╕ржВрж╕рзНржХрзГрждрзЗ┬аржмрж┐рж╕рж░рзНржЧ┬арж╢ржмрзНржжрзЗрж░ ржЕрж░рзНрже ржирж┐рж░рзНржЧржоржи ржмрж╛ ржмрж┐рж╕рж░рзНржЬржиредржпрж╛ ржЕрж╢рзБржн ржЫрж┐рж▓рзЛ рждрж╛ ржмрж┐рж╕рж░рзНржЬржи ржХрж░рзЗ ржЖржорж░рж╛ ржПржХржЯрж┐ ржирждрзБржи ржмрзБрзЯрзЗржЯ ржкрзЗрзЯрзЗржЫрж┐ ржЖрж░ ржЖржорж╛ржжрзЗрж░ рзирзж ржмрзНржпрж╛ржЪ ржЫрж┐рж▓рзЛ ржПржЗ ржкрж░рж┐ржмрж░рзНрждржирзЗ ржЕржЧрзНрж░ржЧрж╛ржорзАред ржЖржмрж╛рж░ ржмрж┐рж╕рж░рзНржЧ рж╢ржмрзНржжрзЗрж░ ржЖрж░ржХрзЗржЯрж┐ ржЕрж░рзНрже рж╕рзГрж╖рзНржЯрж┐ ржмрж╛ ржЙрзОржкрждрзНрждрж┐ред ржмрж┐рж╕рж░рзНржЧ ржХрзЗ ржмрж╛ржВрж▓рж╛ ржмрж░рзНржгржорж╛рж▓рж╛ржпрж╝ рж╕ржВрж╢рзЛржзржХ ржмрж░рзНржи ржмрж▓рж╛ рж╣ржпрж╝рзЗ ржерж╛ржХрзЗред ржарж┐ржХ рждрзЗржоржирж┐ рзирзж ржмрзНржпрж╛ржЪ рж╕ржм рж╕ржоржпрж╝ ржпрзЗржХрзЛржирзЛ ржкрж░рж┐рж╕рзНржерж┐рждрж┐рждрзЗ рж╕ржм ржзрж░ржирзЗрж░ ржЕржирзНржпрж╛ржпрж╝ ржПрж░ ржкрзНрж░рждрж┐ рж╕ржВрж╢рзЛржзржХ ржПрж░ ржнрзВржорж┐ржХрж╛ ржкрж╛рж▓ржи ржХрж░рзЗ ржЖрж╕ржЫрзЗред 
ржмрж┐рж╕рж░рзНржЧ ржЪрж┐рж╣рзНржирзЗрж░ ржирзНржпрж╛рзЯ ржЖржорж╛ржжрзЗрж░ ржЫрж╛рзЬрж╛ ржЕрж╕ржорзНржкрзВрж░рзНржг ржЕржирзЗржХ ржХрж┐ржЫрзБржЗредржПржЗ ржЪрж┐рж╣рзНржирзЗрж░ ржирзНржпрж╛рзЯ ржпржерж╛ржпрже ржмрзНржпрж╛ржЦрж╛рж░ ржорзВржЦржкрж╛рждрзНрж░ рзирзж ржмрзНржпрж╛ржЪред
No theme, this name just felt good with 20.
ржмрж┐рж╕рж░рзНржЧ ржирж╛ржоржЯрж╛ ржорзВрж▓ржд ржкрзНрж░ржЪрж▓рж┐ржд ржирж┐рзЯржо ржмрж╛ ржХрж╛ржарж╛ржорзЛ ржерзЗржХрзЗ ржмрж┐ржЪрзНржпрзБржд ржПржоржи ржЕрж░рзНржерзЗ ржмрзНржпржмрж╣рзГржд рж╣рзЯред(ржЖржорж╛рж░ ржЬрж╛ржирж╛ ржорждрзЗ, рж╢рждржнрж╛ржЧ рж╢рж┐ржУрж░ ржирж╛ ржпржжрж┐ржУ)редржЖржорж╛ржжрзЗрж░ ржмрзНржпрж╛ржЪрзЗрж░ ржЕржирзНржпрж╛рзЯрзЗрж░ ржмрж┐рж░рзБржжрзНржзрзЗ ржкрзНрж░рждрж┐ржмрж╛ржжрзА ржЕржмрж╕рзНржерж╛ржи ржмрж╛ ржЕржирзНржпрж╛ржирзНржп ржмрзНржпрж╛ржЪ ржерзЗржХрзЗ ржЖрж▓рж╛ржжрж╛ ржнрж╛ржмржирж╛ ржерзЗржХрзЗ ржЖрж░ржХрж┐ ржПржЗ ржирж╛ржоред"
ржмрж┐рж╕рзНржоржпрж╝ рзирзж,"ржирж╛ржоржЯрж╛ рж╕рзБржирзНржжрж░ ржоржирзЗ рж╣рж▓рзЛ, рж╕рж┐рж▓рзЗржХрзНржЯ рж╣рж▓рзЗ ржкрж░рзЗ ржерж┐ржо ржмрж╛ржирж┐ржпрж╝рзЗ ржирж┐ржУ :')"
ржмрж┐рж╕рзНржорзЯрзЗ ржЕржмрж┐рж╕рзНржорж░ржгрзАрзЯ рзирзж,  ржкрзНрж░ржержорзЗ ржХрж░ржирж╛ ржлрзЗрж╕ ржХрж░рж╛  ржПржмржВ ржкрж░рзЗ ржмрзЗрзЯрж╛ржжрзНржжржо рзирзж ржирж╛ржо ржкрж╛ржУрзЯрж╛ред рж╕ржм ржорж┐рж▓рж┐рзЯрзЗ ржПржЗ ржирж╛ржо
ржмрж┐рж╕рзНржорж░ржгрзА'рзирзж,"ржмрж┐рж╕рзНржорж░ржгрзА captures the essence of overcoming adversity, moving forward with renewed purpose, and dedicating oneself to creating a more just and equitable society."
ржмрж┐рж╕рзНрж░рзБржд-рзирзж,ржПржЯрж╛рж░ ржЕрж░рзНрже рж╣рж▓ ржкрж░рж┐рж╢рзНрж░рзБрждред ржПрждржХрж┐ржЫрзБрж░ ржкрж░рзЗ ржЖржорж░рж╛ ржпржЦржи ржПржХржЯрж╛ ржмрж┐рж╢рзБржжрзНржз ржХрзНржпрж╛ржорзНржкрж╛рж╕ ржкрзЗржпрж╝рзЗржЫрж┐ ржПржЗ ржорж░рзНржорж╛рж░рзНрже ржзрж╛рж░ржг ржХрж░ржмрзЗ ржПржЗ рж╢ржмрзНржжржЯрж┐
ржмрж┐рж╣ржЩрзНржЧ,Free bird each and every student. 
ржмрж┐рж╣ржЩрзНржЧ рзирзж,"ржЖржмрж░рж╛рж░ ржнрж╛ржЗ ржПрж░ рждрзНржпрж╛ржЧрзЗрж░ ржкрж░ рзирзж ржмрзНржпрж╛ржЪ ржерзЗржХрзЗ ржмрзБрзЯрзЗржЯ ржкрзЗрзЯрзЗржЫрзЗ рж╕рзНржмрж╛ржзрзАржирждрж╛, ржарж┐ржХ ржЖржХрж╛рж╢рзЗ ржЙрж░ржирзНржд ржкрж╛ржЦрж┐рж░ ржорждрзЛред рж╕рзЗржЗ ржерзЗржХрзЗ ржмрж┐рж╣ржЩрзНржЧ рзирзжред"
ржмрж┐рж╣ржЩрзНржЧржо'рзирзж,"ржмрж┐рж╣ржЩрзНржЧржо (Bihongom), derived from the word ржмрж┐рж╣ржЩрзНржЧ (Bihonga), means ""bird"" or something related to a bird. When used poetically, ржмрж┐рж╣ржЩрзНржЧржо evokes a sense of boundless freedom, high ambition, and a perspective that soars above the ordinary"
ржмрж┐рж╣рзНржмрж▓,"ржмрж┐рж╣рзНржмрж▓рждрж╛ ржорж╛ржирзБрж╖рзЗрж░ ржорж╛ржирзБрж╖рзЗрж░ рж╕рзБржирзНржжрж░рждржо ржЕржирзБржнрзВрждрж┐редржЖржорж╛ржжрзЗрж░ рж╕ржм ржирзНржпрж╛рзЯрж╕ржЩрзНржЧржд ржЖржирзНржжрзЛрж▓ржирзЗрж░ ржЪрж╛рж▓рж┐ржХрж╛ рж╢ржХрзНрждрж┐ ржЫрж┐рж▓рзЛ ржПржЗ ржмрж┐рж╣ржмрж▓рждрж╛ред ржЖржорж░рж╛ ржмрж┐рж╣ржмрж▓ ржерж╛ржХрж┐ ржПржЗ ржХрзНржпрж╛ржорзНржкрж╛рж╕рзЗрж░ рж╣рзИ-рж╣рзБрж▓рзНрж▓рзЛрзЬ ржжрзБржкрзБрж░, рж╕рзНржирж┐ржЧрзНржз рж╕ржирзНржзрзНржпрж╛, ржЧрж╛ржиржорзБржЦрж░рж┐ржд рж░рж╛рждрзЗред ржХржжрж┐ржи ржмрж╛ржжрзЗ рж╣рзЯрждрзЛ  ржЫржирзНржиржЫрж╛рзЬрж╛рж░ ржжрж▓ ржжрзЗрж╢рзЗрж░ ржирж╛ржирж╛ ржкрзНрж░рж╛ржирзНрждрзЗ, ржмрж┐ржжрзЗрж╢-ржмрж┐ржнрзВржЗрзЯрзЗ ржкрж╛рзЬрж┐ ржЬржорж╛ржмрзЗ ржХрж┐ржирзНрждрзБ ржПржЗ ржХрзНржпрж╛ржорзНржкрж╛рж╕ржЬрзАржмржирзЗрж░ ржШрзЛрж░ ржХрж┐ ржХрж╛ржЯржмрзЗ? "
ржмрзАрж░ржжрж░рзНржк рзирзж,You know why
ржмрзГрждрзНржд' рзирзж,"ржмрзГрждрзНрждрзЗрж░ ржорж╛ржЭрзЗ ржЕрж╕ржВржЦрзНржп ржмрж┐ржирзНржжрзБ ржкрж╛рж╢рж╛ржкрж╛рж╢рж┐ рж╣рзЯрзЗ ржПржХржЯрж┐ ржХрзНрж╖рзЗрждрзНрж░ржлрж▓ ржжржЦрж▓ ржХрж░рзЗ, ржПржЯрж┐ ржпрзЗржи ржЖржорж╛ржжрзЗрж░ ржРржХрзНржпржмржжрзНржзрждрж╛рж░ ржкрзНрж░ржХрж╛рж╢ ржХрж░рзЗред ржЖржорж░рж╛ ржпржжрж┐ рзирзж рж╕ржВржЦрзНржпрж╛ржЯрж┐рж░ ржжрж┐ржХрзЗ рждрж╛ржХрж╛ржЗ, рждрж╛рж╣рж▓рзЗ ржПрж░ ржорж╛ржЭрзЗржЗ ржПржХржЯрж┐ ржмрзГрждрзНржд ржЦрзБржЬрзЗ ржкрж╛ржмрзЛ (рж▓рзЛржЧрзЛ ржмрж╛ржирж╛рждрзЗ рж╕рзБржмрж┐ржзрж╛ рж╣ржмрзЗ)ред ржЖрж░ ржмрзГрждрзНржд ржПржХржЯрж┐ ржЬрж┐ржУржорзЗржЯрзНрж░рж┐ржХ рж╢рзЗржЗржк, ржЗржЮрзНржЬрж┐ржирж┐рзЯрж╛рж░рж┐ржВ ржПрж░ рж╕рж╛ржерзЗ рж╕ржорзНржкрж░рзНржХржпрзБржХрзНрждред"
ржмрзГрждрзНрждрж╛ржирзНрждрзЗ рзирзж,ржЖржмрж╛рж░ржУ ржЖржорж╛ржжрзЗрж░ рж╕ржмржХрж┐ржЫрзБ ржорж┐рж▓рж╛рзЯ ржЬрзАржмржирзЗрж░ ржмрзГрждрзНрждрж╛ржирзНрждрзЗ рзирзж
ржмрзГрждрзНрж░рж╕ржВрж╣рж╛рж░,"ржмрзГрждрзНрж░рж╕ржВрж╣рж╛рж░ ржорж╛ржирзЗ ржмрзГрждрзНрж░ржХрзЗ ржмржз ржХрж░рж╛,ржмрж┐рж╢ ржмрзНржпрж╛ржЪ рж╕ржХрж▓ ржкрзНрж░ржХрж╛рж░ рж╕рж┐ржирзНржбрж┐ржХрзЗржЯ ржерзЗржЦрзЗ рж╢рзБрж░рзБ ржХрж░рзЗ рж╕ржм ржЕржирзНржпрж╛ржпрж╝рзЗрж░ рж╕рж╛ржерзЗ рж▓ржбрж╝рж╛ржХрзБ ржПржмржВ ржирж┐ржзржирзЗ ржЕржЧрзНрж░ржЧрж╛ржорзА "
ржмрзГрж╢рзНржЪрж┐ржХ рзирзж,"Scorpios are known for their intense and magnetic personalities. Some of their traits include -   They are determined to achieve their goals, often with a strong work ethic.  They are good at finding solutions and overcoming challenges.   They tend to bounce back from setbacks and are mentally strong.  Scorpios are often seen as complex individuals who are both powerful and sensitive.  Since we have always raised our voices against all odds and took stand on the right side determined to find solutions, no matter what the situation was, how badly we were bashed, we resemble scorpio traits quite a lot.  And Scorpio in Bangla is ""ржмрзГрж╢рзНржЪрж┐ржХ"" which even starts with ""ржм"". Hence I'm suggesting the name ""ржмрзГрж╢рзНржЪрж┐ржХ рзирзж"""
ржмрзЗрждрж╛рж▓'рзирзж,ржЬрж╛ржирж┐ ржирж╛ ржХрзЗржи рждржмрзЗ ржПржЯрж╛ рзирзж ржмрзНржпрж╛ржЪрзЗрж░ рж╕рж╛ржерзЗ ржпрж╛рзЯред ржмрж▓рж╛ ржпрж╛рзЯ ржмрзНржпрж╛ржЪрзЗрж░ ржЙрж░рж╛ржзрзБрж░рж╛ ржХрж╛ржЬржХрж░рзНржорзЗрж░ ржЬржирзНржп
ржмрзЗрждрж╛рж▓ржмрж┐ржВрж╢,Aesthetic 
ржмрзИржкрзНрж▓ржмрж┐ржХ рзирзж,
ржмрзИржнржм рзирзж,"Grandeur, splendor, and excellence"
ржмрзИрж░рзАржХ рзирзж,Courageous in the face of adversity 
ржмрзНржпржЮрзНржЬржи рзирзж,"ржмрзНржпржЮрзНржЬржи ржорж╛ржирзЗ рж╕ржм ржХрж┐ржЫрзБрж░ ржорж┐ржХрзНрж╕ржЪрж╛рж░ ржЯрж╛ржЗржк,,, ржЖржорж╛ржжрзЗрж░ ржЬрзАржмржиржЯрж╛ржУ ржпрзЗржоржи рж╕ржм ржХрж┐ржЫрзБрж░ ржорж┐ржХрзНрж╕рж╛рж░ ржмрзНржпрж╛ржЪ рж╣рж┐рж╕рзЗржмрзЗржУ ржЖржорж░рж╛ ржЕржирзЗржХ ржХрж┐ржЫрзБржЗ ржПржХ рж╕рж╛ржерзЗ ржкрж╛рж░ ржХрж░ржЫрж┐,,, ржЕржирж▓рж╛ржЗржи ржХрзНрж▓рж╛рж╕,, ржмрзБрзЯрзЗржЯрзЗ ржЫрж╛рждрзНрж░ рж░рж╛ржЬржирзАрждрж┐ ржмрж┐рж░рзЛржзрзА ржЖржирзНржжрзЛрж▓ржи ржерзЗржХрзЗ рж╕рж░ржХрж╛рж░ ржмрж┐рж░рзЛржзрзА ржЖржирзНржжрзЛрж▓ржи ржПржоржи ржЕржирзЗржХ ржХрж┐ржЫрзБ ред  "
ржмрзНржпрждрж┐ржХрзНрж░ржо рзирзж,"ржмрж┐рж╢,ржмрзНржпрж╛ржЪ,ржмрзНржпрждрж┐ржХрзНрж░ржо - ржкрзНрж░рждрж┐ржЯрж┐ рж╢ржмрзНржжржЗ ржм ржжрж┐рзЯрзЗ(ржмрзНржпрж╛ржЪржЯрж╛ржХрзЗ ржмрж╛ржж ржжрзЗржУрзЯрж╛ ржпрж╛рзЯ)редржкрзНрж░рж┐рж▓рж┐+рж░рж┐ржЯрзЗржи рж╕рж┐рж╕рзНржЯрзЗржорзЗрж░ ржкрзНрж░ржержо ржмрзНржпрж╛ржЪ(ржПржЯрж╛ржЗ рж╕ржорзНржнржмржд ржПржЦржи ржерзЗржХрзЗ ржЪрж▓ржорж╛ржи ржерж╛ржХржмрзЗ)ред ржПржЗ ржирж╛ржорзЗ ржХрзЛржирзЛ ржмрзНржпрж╛ржЪрзЗрж░ ржирж╛ржо ржЫрж┐рж▓ ржирж╛ рж╕ржорзНржнржмрждред ред ржЕржирж▓рж╛ржЗржи ржХрзНрж▓рж╛рж╕ ржХрж┐ржирзНрждрзБ ржЕржлрж▓рж╛ржЗржи ржЯрж╛рж░рзНржо ржлрж╛ржЗржирж╛рж▓ред ржмрж┐рж╢ ржмрзНржпрж╛ржЪ ржЕржирзНржпржжрзЗрж░ ржерзЗржХрзЗ ржЖрж▓рж╛ржжрж╛, ржмрж┐рж╢рзЗрж╖ ржХрж░рзЗ рзирзк рж╕рж╛рж▓рзЗрж░ ржПржкрзНрж░рж┐рж▓рзЗрж░ рж╢рзЗрж╖ ржерзЗржХрзЗ ржпрж╛ржмрждрзАрзЯ ржХрж░рзНржоржХрж╛ржгрзНржбржЗ рждрж╛рж░ ржмрзЬ ржкрзНрж░ржорж╛ржгред"
ржмрзНржпржмрж░рзНрждржХ рзирзж,ржЖржнрж┐ржзрж╛ржирж┐ржХ ржЕрж░рзНрже ржкрзГржержХ ржХрж░рзЗ ржПржоржиред  ржЫрж╛рждрзНрж░рж░рж╛ржЬржирзАрждрж┐рж░ ржмрж┐рж░рзБржжрзНржзрзЗ ржЕржмрж╕рзНржерж╛ржи ржерзЗржХрзЗ рж╢рзБрж░рзБ ржХрж░рж░ рж╕ржХрж▓ ржбрж┐рж╕рж┐рж╢рж╛ржи ржП рзирзж ржПрж░ ржирзИрждрж┐ржХ ржЕржмрж╕рзНржерж╛ржи рж╕ржмрж╕ржорзЯ рзирзж ржХрзЗ ржкрзГржержХ ржХрж░рзЗржЫрзЗ:) 
ржмрзНржпрж╛ржпрж╝ржд рзирзж,""" ржмрзНржпрж╛ржпрж╝ржд "" рж╢ржмрзНржжрзЗрж░ ржжрзБржЗржЯрж┐ ржЕрж░рзНрже ржЖржЫрзЗред ржкрзНрж░ржержо ржЕрж░рзНржержЯрж┐ рж╣рж▓рзЛ ржжрзАрж░рзНржШред ржжрзНржмрж┐рждрзАржпрж╝ржЯрж┐ рж╣рж▓рзЛ ржжрзГржврж╝ ред ржорзВрж▓ржд ржЖржорж┐ ржжрзНржмрж┐рждрзАржпрж╝ ржЕрж░рзНржержЯрж┐ ржПрж░ ржЬржирзНржп ржПржЗ ржирж╛ржоржЯрж┐ рж╕рж╛ржЬрзЗрж╕рзНржЯ ржХрж░ржЫрж┐ ред ржЖржорж░рж╛ ржПржХржЯрж╛ ржжрзАрж░рзНржШ рж╕ржоржпрж╝ ржХрж░рзЛржирж╛ ржПрж░ ржоржзрзНржпрзЗ ржерзЗржХрзЗржУ ржЖржорж╛ржжрзЗрж░ ржоржирзЛржмрж▓ ржжрзГржврж╝ рж░рзЗржЦрзЗржЫрж┐ ред ржЕржирзЗржХрзЗржЗ ржЕрж╕рзБрж╕рзНрже рж╣ржпрж╝рзЗржЫрж┐, ржЕржирзЗржХрзЗржЗ ржкрж░рж┐ржмрж╛рж░рзЗрж░ рж╕ржжрж╕рзНржп рж╣рж╛рж░рж┐ржпрж╝рзЗржЫрж┐ ржХрж░рзЛржирж╛ ржПрж░ рж╕ржоржпрж╝, рждржмрзБржУ ржЖржорж░рж╛ рж╣рж╛рж▓ ржЫрзЗржбрж╝рзЗ ржжрзЗржЗ ржирж┐ ред ржжрзГржврж╝рждрж╛рж░ рж╕рж╛ржерзЗ рж╕ржм ржмрж╛ржзрж╛ ржорзЛржХрж╛ржмрж┐рж▓рж╛ ржХрж░рзЗ ржПрждржжрзВрж░ ржПрж╕рзЗржЫрж┐ ред ржмрзБржпрж╝рзЗржЯрзЗ ржПрж╕рзЗржУ ржЖржорж╛ржжрзЗрж░ ржХржо ржмрж╛ржзрж╛ ржмрж┐ржкрждрзНрждрж┐рж░ рж╕ржорзНржорзБржЦрзАржи рж╣рждрзЗ рж╣ржпрж╝ржирж┐ ред ржЦрзБржирж┐ ржмрж┐ржЯрзБрж░ ржмрж┐рж░рзБржжрзНржзрзЗ ржЖржирзНржжрзЛрж▓ржи , ржЫрж╛рждрзНрж░рж▓рзАржЧрзЗрж░ ржмрзНржпрж╛ржирж╛рж░рзЗ ржмрзБржпрж╝рзЗржЯрзЗ ржЖржЧрж╖рзНржЯрзЗрж░ рж╕ржорж╛ржмрзЗрж╢, ржЫрж╛рждрзНрж░ рж░рж╛ржЬржирзАрждрж┐ ржПрж░ ржмрж┐рж░рзБржжрзНржзрзЗ ржЖржмрж╛рж░рзЛ рж╕ржВржЧрзНрж░рж╛ржо , ржЖрж░ рж╢рзЗрж╖ ржорзЗрж╢ рж╕рзНржмрзИрж░рж╛ржЪрж╛рж░ ржкрждржирзЗрж░ ржЖржирзНржжрзЛрж▓ржи, рж╕ржмржХрж┐ржЫрзБрждрзЗржЗ  ржжрзГржврж╝рждрж╛рж░ ржкрж░рж┐ржЪржпрж╝ ржжрж┐ржпрж╝рзЗржЫрж┐ ред рждрж╛ржЗ рж╕рзЗржЗ ржжрзГржврж╝рждрж╛рж░ ржкрзНрж░рждрзАржХ рж╣рж┐рж╕рзЗржмрзЗ ржПржЗ ржирж╛ржоржЯрж┐ рж╕рж╛ржЬрзЗрж╕рзНржЯ ржХрж░рж▓рж╛ржо ред"
рж░ржгржЭржг рзирзж,ржПржХрж┐ ржмрж╛ржЬрж╛ ржмрж╛ржЬрж╛ рж░ржгржЭржг
рж╢рзНрж░рзЗрзЯрж╕рзА,In the pursuit of excellence
рж╕рж╛ржирзНржзрзНржпржХрж╛ржирзНржд-рзирзж /Twilight-20,"This name evokes imagery of a serene and beautiful time of day, characterized by soft, fading light and a sense of calm. It signifies a moment of transition that is not only visually stunning but also emotionally significant, inviting contemplation and peace. Our Buet batch-20 were almost the only rag free-20 batch in Bangladesh. And we were really secured when entered this campus. This sense of beauty had whole lot of significant emotional value to us."
рж╕рж╛ржпрж╝ржирзНрждржи'рзирзж,"рж╕рж╛ржпрж╝ржирзНрждржитАФржПржЗ рж╢ржмрзНржжрзЗрж░ ржоржзрзНржпрзЗ рж╢рзБржзрзБ рж╕ржирзНржзрзНржпрж╛рж░ рж░ржЩ ржорзЗрж╢рж╛ржирзЛ ржирзЗржЗ, ржмрж░ржВ ржПржХ ржЪрж┐рж░рж╕рзНржерж╛ржпрж╝рзА ржЕржирзБржнрзВрждрж┐рж░ ржкрзНрж░ржмрж╛рж╣редржжрж┐ржирзЗрж░ рж╕ржм ржЖрж▓рзЛ ржирж┐ржнрзЗ ржЧрж┐ржпрж╝рзЗ ржЕржирзНржзржХрж╛рж░ ржЖрж╕рзЗред рждржмрзЗ рж╕ржирзНржзрзНржпрж╛рждрзЗ рждрж╛рж░ ржкрзБрж░рзЛржкрзБрж░рж┐ ржХрж╛рж▓рж┐ржорж╛ ржорж╛ржЦрждрзЗ ржкрж╛рж░рзЗ ржирж╛редржХрж┐ржЫрзБ ржЖрж▓рзЛ ржЕржмрж╢рж┐рж╖рзНржа ржерзЗржХрзЗ ржпрж╛ржпрж╝ред ржЖржорж░рж╛ рзирзж ржмрзНржпрж╛ржЪ ржкрзГржерж┐ржмрзАрж░ рж╕рж╛ржпрж╝ржирзНрждржирзЗ ржУржЗ ржПржХржЯрзБ ржЖрж╢рж╛рж░ ржЙржкрж░ ржнрж░ ржХрж░рзЗ ржЕржирзЗржХржЯрж╛ ржкрже рж╣рзЗржБржЯрзЗ ржЪрж▓рзЗржЫрж┐ред ржЖржорж╛рж░ ржоржирзЗ ржПржЗ ржирж╛ржо рж╕рж┐рж▓рзЗржХрзНржЯ рж╣рж▓рзЗ ржПржХржЯрж╛ ржорж┐ржЙржЬрж┐ржХрзНржпрж╛рж▓ рж╕ржирзНржзрзНржпрж╛  ржЕрзНржпрж╛рж░рзЗржЮрзНржЬ ржХрж░рж▓рзЗ ржЬржоржмрзЗред"
рж╕рзНржмрж░ржмрж┐ржд,Always vocal and united against all the odds.
рж╕рзНрж░рзЛрждрж╕рзНржмрж┐ржирзА рзирзж,ржмрзНржпрж╛ржЪржЯрж┐ ржЕржирзЗржХржЯрж╛ ржиржжрзАрж░ ржорждрзЛред ржпрж╛рж░ ржЧрждрж┐ ржЙржкржорзЗрзЯ ржирзЯ ржХрж┐ржирзНрждрзБ рж╕рзБржирзНржжрж░ ржУ ржорж╕рзГржгред
рж╣рж┐рж╢рж╛ржо,ржкрзНрж░ржмрж▓ ржмрж╛ ржжрзГржврж╝